"v_call","j_call","cdr3_aa","freqs","counts"
"IGHV3-21","IGHJ3","ARGGLQQQRRDIFDI",0.284991568296796,7943
"IGHV3-7","IGHJ6","AWDYYDSSRYYLYYYYYYMDV",0.115747551218112,3226
"IGHV3-23","IGHJ4","AKGSGPTCYSPFDY",0.0683147357468336,1904
"IGHV3-21","IGHJ3","ARGGLQQQRRDIFDI",0.0470022604140504,1310
"IGHV1-2","IGHJ3","ARRSKLVVPVPKDDAFDL",0.035161996340282,980
"IGHV1-2","IGHJ4","ARVNYCSYGVCHSYDY",0.0277349216031,773
"IGHV3-48","IGHJ6","ARRSEFGVLYYMDV",0.022711779268774,633
"IGHV3-9","IGHJ4","AKDGYSSGWYYFDY",0.0190879408704388,532
"IGHV3-48","IGHJ4","ATSDRPGFGSHDY",0.0163969717627642,457
"IGHV3-23","IGHJ6","AKAGIVLMVPSYMDV",0.0142800760647268,398
"IGHV1-2","IGHJ4","ARVNYCSYGVCHSYDY",0.0126296150120197,352
"IGHV3-53","IGHJ4","ARGVEPLAANTLAY",0.0112661906641312,314
"IGHV3-53","IGHJ4","ARGVEPLAANTLAY",0.010153923432959,283
"IGHV3-74","IGHJ5","TKDLSWNTADR",0.00922105414229845,257
"IGHV3-23","IGHJ6","ASSVYCSGGSCYDYYYYMDV",0.00843170320404722,235
"IGHV3-7","IGHJ4","ARCPYDSTGYYSVPSHLDY",0.00774999103010297,216
"IGHV3-7","IGHJ4","ARCPYDSTGYYSVPSHLDY",0.00717591762046572,200
"IGHV3-7","IGHJ2","ARDQGSMIVVRTTNWYFDL",0.00663772379893079,185
"IGHV3-74","IGHJ4","ARELPREVTLDY",0.00620716874170284,173
"IGHV1-18","IGHJ4","VRQVDTTMALPDY",0.00581249327257723,162
"IGHV4-39","IGHJ5","ARPLYNSWDWFDP",0.00545369739155395,152
"IGHV1-2","IGHJ3","ARRSKLVVPVPKDDAFDL",0.00513078109863299,143
"IGHV4-34","IGHJ5","ARRPSINDFWSGYFL",0.00484374439381436,135
"IGHV3-23","IGHJ4","AKAPGFTVVTSFDW",0.00459258727709806,128
"IGHV3-21","IGHJ6","ARCALGVWADNYYMDV",0.00434143016038176,121
"IGHV4-39","IGHJ5","ARPLYNSWDWFDP",0.00412615263176779,115
"IGHV4-61","IGHJ6","ASQLAPGGPWGQPIYYYYMDV",0.00391087510315382,109
"IGHV3-23","IGHJ4","AKTIWDSRGYYYDY",0.00373147716264217,104
"IGHV1-18","IGHJ4","ARETPGSYYY",0.00358795881023286,100
"IGHV3-7","IGHJ4","ARYRSLGD",0.00340856086972122,95
"IGHV3-7","IGHJ4","ARHRSLGD",0.0032650425173119,91
"IGHV1-18","IGHJ4","ARQVDTTMALPAY",0.00315740375300492,88
"IGHV3-53","IGHJ4","ARGVEPLAANTLAY",0.0030138854005956,84
"IGHV3-23","IGHJ2","AKGVPNSSGWDICYFNL",0.00290624663628862,81
"IGHV1-46","IGHJ4","ARGDGSSFDS",0.00279860787198163,78
"IGHV1-2","IGHJ6","ATTLEVFLDLDRGDYSYMDV",0.00269096910767464,75
"IGHV3-11","IGHJ6","ARGTRYSSGYYYMDV",0.00261920993146999,73
"IGHV3-30-3","IGHJ6","ARSPTYYYMDV",0.002511571167163,70
"IGHV3-23","IGHJ4","AKDTSIGRYCTNGVCSPFDY",0.00243981199095834,68
"IGHV3-23","IGHJ4","AKDRPASHGSGSFGDY",0.00236805281475369,66
"IGHV3-7","IGHJ4","ARCPYDSTGYYSVPSHLDY",0.00229629363854903,64
"IGHV4-39","IGHJ4","AREKTVTIVDY",0.00222453446234437,62
"IGHV5-51","IGHJ4","ARRGAYTYGHDDY",0.00215277528613972,60
"IGHV5-51","IGHJ5","ARHSSQLLPNWFDP",0.00208101610993506,58
"IGHV3-7","IGHJ4","TRDRSRAEDD",0.0020092569337304,56
"IGHV3-11","IGHJ6","ARGTRYSSSYYYMDV",0.00197337734562807,55
"IGHV3-11","IGHJ6","ARGTRYSSGYYYMDV",0.00190161816942342,53
"IGHV4-59","IGHJ4","ARNLENYGGNSNFDY",0.00186573858132109,52
"IGHV3-23","IGHJ4","VKDRCSGGICYADFDH",0.00179397940511643,50
"IGHV3-30","IGHJ4","ATDFDDVNGDYYYIPEY",0.0017580998170141,49
"IGHV3-23","IGHJ4","AKDGHCPGALCPTQIAVAGYNDN",0.00172222022891177,48
"IGHV1-18","IGHJ4","ARQVDTTMALPDY",0.00168634064080944,47
"IGHV3-48","IGHJ4","TTLTVASNFDY",0.00165046105270711,46
"IGHV4-4","IGHJ4","ASHGYNTGWYPYFDY",0.00157870187650246,44
"IGHV3-30","IGHJ4","ANVSPIWNYAVY",0.00154282228840013,43
"IGHV3-30","IGHJ4","ANVSPNWNYAVY",0.0015069427002978,42
"IGHV3-30","IGHJ4","ANVSPNWNYAVY",0.00147106311219547,41
"IGHV4-4","IGHJ4","ASHGYNTGWYPYFDY",0.00147106311219547,41
"IGHV4-59","IGHJ4","ARRSGGRRGYFDY",0.00143518352409314,40
"IGHV3-23","IGHJ4","AKGSGPTCYSPFDY",0.00139930393599081,39
"IGHV3-23","IGHJ4","AKGSGPTCYSPFDY",0.00136342434788849,38
"IGHV3-53","IGHJ4","ARGSRSSGWFDY",0.00132754475978616,37
"IGHV5-51","IGHJ3","AKRLIYVAQTTGMQWGPADSFDV",0.00129166517168383,36
"IGHV3-30","IGHJ4","ARTQAYSDSFGYYHFDY",0.00129166517168383,36
"IGHV1-69","IGHJ5","ATGRVSDTTLVSWFDT",0.0012557855835815,35
"IGHV4-59","IGHJ4","ARLGGNWNSPGRDY",0.00121990599547917,34
"IGHV1-2","IGHJ4","AREGSYCVGGDCYSFDF",0.00121990599547917,34
"IGHV3-30","IGHJ4","ARDMSGYYTFDY",0.00118402640737684,33
"IGHV3-74","IGHJ5","VRGLAS",0.00114814681927451,32
"IGHV4-39","IGHJ5","ARHLAVAGTSYNWFDR",0.00114814681927451,32
"IGHV3-9","IGHJ3","AKDENRWLAPHAFDI",0.00111226723117219,31
"IGHV3-74","IGHJ5","VRGLDS",0.00111226723117219,31
"IGHV3-7","IGHJ4","ARGGLPAGFDY",0.00107638764306986,30
"IGHV4-34","IGHJ4","ARGYWNYGRRYFDY",0.00107638764306986,30
"IGHV3-23","IGHJ4","AKDLGWELPAEAY",0.00104050805496753,29
"IGHV3-33","IGHJ3","AKDAHWELDAFDI",0.00104050805496753,29
"IGHV3-23","IGHJ4","AKETVAAPPIDY",0.0010046284668652,28
"IGHV3-74","IGHJ1","ARAPSEIGGYYPEHFRH",0.0010046284668652,28
"IGHV4-34","IGHJ4","ARGSPIQSWSYFDY",0.000968748878762872,27
"IGHV4-59","IGHJ4","ARYDPTDYATSGLYFGVYFDY",0.000968748878762872,27
"IGHV4-59","IGHJ3","ARLLDNDISGDPDAFDV",0.000932869290660543,26
"IGHV4-34","IGHJ4","ARSITIFGAVPDGVSADY",0.000932869290660543,26
"IGHV4-34","IGHJ4","ARSITIFGAVPDGVSADY",0.000896989702558215,25
"IGHV4-34","IGHJ4","ARSITIFGAVPDGVSADY",0.000896989702558215,25
"IGHV4-34","IGHJ4","ARSITIFGAVPDGVSADY",0.000896989702558215,25
"IGHV4-34","IGHJ4","ARSITIFGAVPDGVSADY",0.000861110114455886,24
"IGHV4-34","IGHJ4","ARSITIFGAVPDGVSADY",0.000861110114455886,24
"IGHV3-23","IGHJ4","AKALGWELPAEAY",0.000861110114455886,24
"IGHV4-59","IGHJ5","ARESRSQRYNWFDP",0.000825230526353557,23
"IGHV4-59","IGHJ5","ARESRSQRYNWFDP",0.000825230526353557,23
"IGHV4-59","IGHJ5","ARESRSQRYNWFDP",0.000825230526353557,23
"IGHV1-8","IGHJ5","ARAHDFWSGYYNWFDP",0.000789350938251229,22
"IGHV3-74","IGHJ1","ARAPSEIGGYYPEYFRH",0.000789350938251229,22
"IGHV3-20","IGHJ6","ARAVRGQIADCSGGTCYSGIDYYYYYMDV",0.000789350938251229,22
"IGHV4-34","IGHJ6","VQPNREHYYYYYMDV",0.0007534713501489,21
"IGHV3-21","IGHJ4","VRVSQQTFDQ",0.0007534713501489,21
"IGHV3-21","IGHJ6","AREGLVDYYLDV",0.0007534713501489,21
"IGHV1-18","IGHJ4","ARDCNWNDVGPCHYFAC",0.000717591762046572,20
"IGHV3-48","IGHJ6","ARVPHPPEGSSRLYRYYYYYMDV",0.000717591762046572,20
"IGHV3-7","IGHJ4","ARGSLPAGFDY",0.000717591762046572,20
"IGHV3-30","IGHJ4","ATDKTRGTPDYCDH",0.000717591762046572,20
"IGHV3-30","IGHJ4","ATDKTRGTPDYCDH",0.000681712173944243,19
"IGHV3-33","IGHJ4","AKGPNDFWSGYYTYYFDY",0.000681712173944243,19
"IGHV4-31","IGHJ3","ARSLSLDLDAFDI",0.000681712173944243,19
"IGHV4-31","IGHJ3","ARSLSLDLDAFDI",0.000681712173944243,19
"IGHV2-5","IGHJ1","AHIAGNFDYGGYYALRHEYFHH",0.000645832585841915,18
"IGHV4-31","IGHJ3","ARSLSLDLDAFDI",0.000645832585841915,18
"IGHV3-7","IGHJ4","ARDVGGSLDH",0.000645832585841915,18
"IGHV3-23","IGHJ4","AKDRNYDSSGPTPYFDY",0.000645832585841915,18
"IGHV3-11","IGHJ4","ARDRRPSIYQGLDS",0.000645832585841915,18
"IGHV5-51","IGHJ4","ARHIGYSAWNPDY",0.000609952997739586,17
"IGHV3-23","IGHJ3","AKPDGLESGTSNYAFHV",0.000609952997739586,17
"IGHV4-39","IGHJ4","ARRPSGSLFDY",0.000609952997739586,17
"IGHV3-23","IGHJ4","AKTIWDSRGYYYDY",0.000609952997739586,17
"IGHV3-7","IGHJ5","VKDVRDRLGPHS",0.000609952997739586,17
"IGHV3-72","IGHJ6","VRAWELFDYYYMDV",0.000574073409637257,16
"IGHV3-72","IGHJ6","VRAWELFDYYYMDV",0.000574073409637257,16
"IGHV3-72","IGHJ6","VRAWELFDYYYMDV",0.000574073409637257,16
"IGHV3-23","IGHJ3","AKPDGLESGTSNYAFHV",0.000574073409637257,16
"IGHV4-38-2","IGHJ1","ARVTANTFQH",0.000574073409637257,16
"IGHV4-59","IGHJ4","ARQSERGSYYGTLAY",0.000574073409637257,16
"IGHV4-39","IGHJ3","ARHDPPYSNFGAFDI",0.000538193821534929,15
"IGHV4-34","IGHJ6","ARGGAGYSYGLPYYMDV",0.000538193821534929,15
"IGHV3-30","IGHJ4","ANVSPNWNYAVY",0.000538193821534929,15
"IGHV4-34","IGHJ5","ARDIVVVVAATRRFDP",0.000538193821534929,15
"IGHV4-59","IGHJ4","ARQSERGSYYGTLAY",0.000538193821534929,15
"IGHV3-74","IGHJ4","VRDGSGTTPFDY",0.000538193821534929,15
"IGHV4-34","IGHJ6","ARGGAGYSYGLPYYMDV",0.0005023142334326,14
"IGHV1-8","IGHJ4","ASDAYCSGGRCSVQRVAS",0.0005023142334326,14
"IGHV3-48","IGHJ4","ARQGWLQLNFLDY",0.0005023142334326,14
"IGHV3-48","IGHJ3","ARETAYAFDI",0.0005023142334326,14
"IGHV3-48","IGHJ3","ARETAYAFDI",0.0005023142334326,14
"IGHV3-48","IGHJ3","ARETAYAFDI",0.0005023142334326,14
"IGHV3-74","IGHJ4","ARAIIGDYVNPFDF",0.0005023142334326,14
"IGHV3-48","IGHJ3","ARETAYAFDI",0.0005023142334326,14
"IGHV3-74","IGHJ6","AREWDLRGAYYMDV",0.000466434645330272,13
"IGHV3-23","IGHJ3","AKQVGWGSMGSTDAFDI",0.000466434645330272,13
"IGHV3-74","IGHJ4","ARAIIDDYGNPFDV",0.000466434645330272,13
"IGHV3-23","IGHJ4","AKELDSYGFDY",0.000466434645330272,13
"IGHV3-48","IGHJ3","ARETAYAFDI",0.000466434645330272,13
"IGHV4-59","IGHJ6","ARLYYAGGGYYSYMDV",0.000466434645330272,13
"IGHV4-59","IGHJ4","ARQEIGYSYNLFDY",0.000466434645330272,13
"IGHV4-34","IGHJ6","ARSYSSVSVLSYYYFYMDV",0.000466434645330272,13
"IGHV4-34","IGHJ6","ARSYSSVSVLSYNYFYIDV",0.000430555057227943,12
"IGHV4-34","IGHJ5","ARDGGSSKYWFDP",0.000430555057227943,12
"IGHV3-53","IGHJ4","ASEGMGARKYYSDPFHY",0.000430555057227943,12
"IGHV1-18","IGHJ4","ARGWSFDRAYYDY",0.000430555057227943,12
"IGHV1-18","IGHJ4","ARAPGVLLWFGELSGLGY",0.000430555057227943,12
"IGHV3-23","IGHJ4","AKVSWQSPRDY",0.000430555057227943,12
"IGHV3-23","IGHJ4","AKVSWNSPRDY",0.000430555057227943,12
"IGHV3-23","IGHJ4","AKVSWNSPRDY",0.000430555057227943,12
"IGHV4-61","IGHJ4","ARDRYCSSSSCTSGPLD",0.000430555057227943,12
"IGHV4-4","IGHJ4","ARELAAVTWYYFDY",0.000394675469125614,11
"IGHV4-61","IGHJ4","ARDRYCSSSSCTSGPLD",0.000394675469125614,11
"IGHV4-61","IGHJ4","ARDRYCSSSSCTSGPLD",0.000394675469125614,11
"IGHV4-34","IGHJ4","DY",0.000394675469125614,11
"IGHV3-23","IGHJ4","AKVSWNSPRDY",0.000394675469125614,11
"IGHV3-74","IGHJ4","AREVTNTMIRGFDY",0.000394675469125614,11
"IGHV3-30","IGHJ3","GPGPPLDI",0.000394675469125614,11
"IGHV3-7","IGHJ4","AGGRDVYRY",0.000394675469125614,11
"IGHV3-74","IGHJ4","VRDGDFWSGHYFDY",0.000394675469125614,11
"IGHV4-4","IGHJ4","AREPTESTTAY",0.000394675469125614,11
"IGHV4-4","IGHJ4","AREPTESATAY",0.000394675469125614,11
"IGHV4-4","IGHJ4","AREPTESTTAY",0.000358795881023286,10
"IGHV4-4","IGHJ4","AREPTESTMDY",0.000358795881023286,10
"IGHV1-18","IGHJ4","ARGPYCSGGTCYSQYFDY",0.000358795881023286,10
"IGHV1-2","IGHJ5","AREGCSSTSCYRWFDP",0.000358795881023286,10
"IGHV4-61","IGHJ5","ARVLVLWELH*FDP",0.000358795881023286,10
"IGHV1-2","IGHJ4","ARDSTYDLLGY",0.000358795881023286,10
"IGHV4-59","IGHJ5","ARQGDNSKWYVWFDP",0.000358795881023286,10
"IGHV4-59","IGHJ5","ARQGDNSKWYVWFDP",0.000358795881023286,10
"IGHV1-18","IGHJ4","AKNSSGGYSDY",0.000358795881023286,10
"IGHV1-18","IGHJ4","AKNSSGGYSDY",0.000358795881023286,10
"IGHV1-18","IGHJ4","AKNSSGGYSDY",0.000358795881023286,10
"IGHV1-18","IGHJ4","AKNSSGGYSDY",0.000358795881023286,10
"IGHV1-69","IGHJ4","AKNSSGGYSDY",0.000358795881023286,10
"IGHV4-59","IGHJ4","ARQSRGLAVAGLDY",0.000322916292920957,9
"IGHV4-4","IGHJ5","ARSKGVVPAATNWFDP",0.000322916292920957,9
"IGHV3-73","IGHJ3","TRLGDSSGYYSDAFDI",0.000322916292920957,9
"IGHV3-48","IGHJ4","ARGDDYGDWYFDY",0.000322916292920957,9
"IGHV3-15","IGHJ5","STMDIVATIRF",0.000322916292920957,9
"IGHV3-15","IGHJ5","STMDIVATIRF",0.000322916292920957,9
"IGHV3-21","IGHJ4","ARSAESAIGATTFDY",0.000322916292920957,9
"IGHV4-39","IGHJ5","ARHPSALNWFDP",0.000322916292920957,9
"IGHV4-59","IGHJ4","ARGPGSSWYLKDY",0.000322916292920957,9
"IGHV4-59","IGHJ4","ARGPGSSWYLKDY",0.000322916292920957,9
"IGHV4-59","IGHJ4","ARGPGSSWYLKAY",0.000322916292920957,9
"IGHV1-69","IGHJ4","AIGDVLMAYPRD",0.000322916292920957,9
"IGHV1-69","IGHJ4","AIGDVLMAYPRD",0.000322916292920957,9
"IGHV4-34","IGHJ4","ARGRVAVADTYYYFDY",0.000322916292920957,9
"IGHV4-34","IGHJ4","ARGRVAVAATYYYFDY",0.000322916292920957,9
"IGHV3-48","IGHJ4","AVNRGYSYGTFDY",0.000322916292920957,9
"IGHV4-34","IGHJ4","ARGRVAVAATYYYFDY",0.000287036704818629,8
"IGHV4-39","IGHJ6","ARVVRGYYYHYMDV",0.000287036704818629,8
"IGHV3-74","IGHJ5","ARVSDYGDYVANWFDP",0.000287036704818629,8
"IGHV3-74","IGHJ5","ARAGASGWYAAGWFDP",0.000287036704818629,8
"IGHV4-59","IGHJ4","AYSRTGWIYFDS",0.000287036704818629,8
"IGHV3-30","IGHJ5","AKAEESSSWYLSVASANDLFDP",0.000287036704818629,8
"IGHV3-13","IGHJ4","PRGGNRYCSGGSCYMFDY",0.000287036704818629,8
"IGHV1-69","IGHJ4","AIGDVLMAYPRD",0.000287036704818629,8
"IGHV4-34","IGHJ4","ARGRVAVAATYYYFDY",0.000287036704818629,8
"IGHV3-11","IGHJ5","ARVGYSSSSDY",0.000287036704818629,8
"IGHV4-34","IGHJ4","ASGGVGPRLQN",0.000287036704818629,8
"IGHV3-23","IGHJ4","AKDPSASYLYFDY",0.000287036704818629,8
"IGHV1-8","IGHJ4","TRGSSGRREN",0.000287036704818629,8
"IGHV3-7","IGHJ4","AGGRDVYRY",0.000287036704818629,8
"IGHV3-48","IGHJ4","VKSSNFDC",0.000287036704818629,8
"IGHV4-39","IGHJ5","ARHPSALNWFDP",0.000287036704818629,8
"IGHV4-59","IGHJ4","YLLQWEHQW*PLFRL",0.000287036704818629,8
"IGHV4-39","IGHJ5","ARHPSALNWFDR",0.000287036704818629,8
"IGHV4-39","IGHJ5","ARHPSALNWFDP",0.000287036704818629,8
"IGHV4-4","IGHJ4","AREPTESTTAY",0.000287036704818629,8
"IGHV4-34","IGHJ6","ARMRGGGIGYHYYMDV",0.0002511571167163,7
"IGHV4-34","IGHJ6","ARMRGGGIGYHYYMDV",0.0002511571167163,7
"IGHV4-34","IGHJ6","ARMRGGGIGYHYYMDV",0.0002511571167163,7
"IGHV4-34","IGHJ6","ARMRGGGIGYHYYMDV",0.0002511571167163,7
"IGHV4-59","IGHJ5","ARDGVRGHYLNWFDP",0.0002511571167163,7
"IGHV1-69","IGHJ4","ARGPLQYDSSGNRKYYCDS",0.0002511571167163,7
"IGHV4-59","IGHJ5","ARDGVRGHYLNWFDP",0.0002511571167163,7
"IGHV4-59","IGHJ5","ARDGVRGHYLNWFDP",0.0002511571167163,7
"IGHV4-59","IGHJ5","ARDGVRGHYLNWFDP",0.0002511571167163,7
"IGHV3-23","IGHJ5","AKGAEIDL",0.0002511571167163,7
"IGHV3-23","IGHJ5","AKGAEIDL",0.0002511571167163,7
"IGHV4-59","IGHJ4","ARVQAYGGKGYFDY",0.0002511571167163,7
"IGHV4-34","IGHJ4","ARVDTAGGTLDY",0.0002511571167163,7
"IGHV1-18","IGHJ4","AREGTGETAFDY",0.0002511571167163,7
"IGHV1-18","IGHJ4","AREGTGETAFDY",0.0002511571167163,7
"IGHV3-30","IGHJ4","AKDLGYSSSYNITLLDY",0.0002511571167163,7
"IGHV3-21","IGHJ4","ARLRRTSDSSGYYYYYDY",0.0002511571167163,7
"IGHV3-21","IGHJ4","ARLRRTSDSSGYYDYYDY",0.0002511571167163,7
"IGHV1-18","IGHJ4","AREGTGETAFDY",0.0002511571167163,7
"IGHV4-59","IGHJ4","ARQSRGLAVAGLDY",0.0002511571167163,7
"IGHV4-59","IGHJ4","ARQSRGLAVAGLDY",0.0002511571167163,7
"IGHV4-59","IGHJ4","ARQSRGLAVAGLDY",0.0002511571167163,7
"IGHV4-31","IGHJ6","ARGNSSGWSLYYYYYMDV",0.0002511571167163,7
"IGHV4-31","IGHJ6","ARGNSSGWSFYYYYYMDV",0.0002511571167163,7
"IGHV4-31","IGHJ6","ARGNSSGWSFYYYYYMDV",0.000215277528613972,6
"IGHV4-31","IGHJ6","ARDNSSGWSFYYYYYMDV",0.000215277528613972,6
"IGHV4-59","IGHJ4","ARQSRGLAVACLDY",0.000215277528613972,6
"IGHV3-21","IGHJ4","ARLRRTSDSSGYYYYYDY",0.000215277528613972,6
"IGHV4-31","IGHJ6","ARGNSSGWSFYYYYYMDV",0.000215277528613972,6
"IGHV3-74","IGHJ4","ARESEAAGTYYLDH",0.000215277528613972,6
"IGHV3-74","IGHJ4","ARESEAAGTYYLDH",0.000215277528613972,6
"IGHV4-4","IGHJ4","ARGGGNRHFDS",0.000215277528613972,6
"IGHV3-23","IGHJ4","ARGHCSSGTCHSYLPYYFDY",0.000215277528613972,6
"IGHV3-23","IGHJ4","ARGHCSSGTCHSYLPYYFDY",0.000215277528613972,6
"IGHV3-23","IGHJ4","ARGHCSSGTCHSYLPYYFDY",0.000215277528613972,6
"IGHV3-23","IGHJ4","ARGHCSSGTCHSYLPYYFDY",0.000215277528613972,6
"IGHV4-4","IGHJ4","ARGGGNRHFDS",0.000215277528613972,6
"IGHV4-4","IGHJ4","ARGGGNRHFDS",0.000215277528613972,6
"IGHV1-24","IGHJ4","ATPPTRGGNSLSFDY",0.000215277528613972,6
"IGHV1-8","IGHJ5","ARPSSRGDLVDP",0.000215277528613972,6
"IGHV1-18","IGHJ3","ARDPYAYDPKGKDAFDI",0.000215277528613972,6
"IGHV4-4","IGHJ4","ARGGGNRHFDS",0.000215277528613972,6
"IGHV4-61","IGHJ6","ASHRTSGNYYRHIDV",0.000215277528613972,6
"IGHV4-34","IGHJ4","ARSGTQLPFDY",0.000215277528613972,6
"IGHV4-39","IGHJ3","ARGGSLGAFDI",0.000215277528613972,6
"IGHV3-74","IGHJ5","ATKQWLAPPPDS",0.000215277528613972,6
"IGHV4-4","IGHJ4","ARGGGNRHFDS",0.000215277528613972,6
"IGHV3-23","IGHJ4","AKDRYYGSGSYYNGYYFDY",0.000215277528613972,6
"IGHV3-74","IGHJ5","ATKQWLAPPPDS",0.000215277528613972,6
"IGHV3-74","IGHJ5","ATKQWLDPPPDS",0.000215277528613972,6
"IGHV4-34","IGHJ4","ARTPWNDWNAESLSFDY",0.000215277528613972,6
"IGHV3-53","IGHJ6","AKEGQQERDHRTYFLYYMDV",0.000215277528613972,6
"IGHV4-4","IGHJ4","ARGGGNRHFDS",0.000215277528613972,6
"IGHV5-51","IGHJ4","ARLFGTGTPFDY",0.000215277528613972,6
"IGHV3-53","IGHJ4","ARGDWNDGLDY",0.000215277528613972,6
"IGHV4-59","IGHJ6","ARLHADTSLTPYYYYIYV",0.000215277528613972,6
"IGHV3-21","IGHJ6","ARCALGVWADNYYMDV",0.000215277528613972,6
"IGHV4-4","IGHJ4","ARYSGIYGHDY",0.000179397940511643,5
"IGHV4-39","IGHJ4","ARHKQPERFLEWLSLLYFDY",0.000179397940511643,5
"IGHV4-59","IGHJ3","ARGGEGYNDDAFEV",0.000179397940511643,5
"IGHV4-4","IGHJ4","ARGGGNRHFDS",0.000179397940511643,5
"IGHV3-48","IGHJ5","ARDSVWFGDLLN",0.000179397940511643,5
"IGHV4-38-2","IGHJ4","ATCAPYVAGGFDY",0.000179397940511643,5
"IGHV3-30","IGHJ5","RDS",0.000179397940511643,5
"IGHV3-23","IGHJ4","AKTIWDSRGYYYDY",0.000179397940511643,5
"IGHV4-59","IGHJ2","PAGPREGTGMVWLYL*QWEHPLEYGGNNSSFDL",0.000179397940511643,5
"IGHV4-59","IGHJ2","ARLEYGGNNWYFDL",0.000179397940511643,5
"IGHV4-59","IGHJ2","ARLEYGGNNWYFDL",0.000179397940511643,5
"IGHV3-48","IGHJ3","ARDQTPYCSGDCYCAIDL",0.000179397940511643,5
"IGHV3-30","IGHJ4","AKDNSGWAKDY",0.000179397940511643,5
"IGHV3-72","IGHJ6","ARVHSHEYHPDV",0.000179397940511643,5
"IGHV3-21","IGHJ3","VSGNDPDSLWGTYRLDAFDI",0.000179397940511643,5
"IGHV3-21","IGHJ3","VSGNDPDSLWGTYRLDAFDI",0.000179397940511643,5
"IGHV4-59","IGHJ4","ARDGLYDSSGYYMDS",0.000179397940511643,5
"IGHV3-23","IGHJ4","AKDDHGGSGWRDYFDQ",0.000179397940511643,5
"IGHV3-20","IGHJ4","VRHYSSDYYGWFEY",0.000179397940511643,5
"IGHV2-5","IGHJ4","AHRPKSGTYPGYYFDF",0.000179397940511643,5
"IGHV3-30","IGHJ4","AKERDTAMVTIDY",0.000179397940511643,5
"IGHV3-30","IGHJ4","AKDFEWLAVRYYFDY",0.000179397940511643,5
"IGHV3-7","IGHJ4","TRDRSRAEDD",0.000179397940511643,5
"IGHV3-11","IGHJ4","ARDRRPSIYQGLDS",0.000179397940511643,5
"IGHV3-21","IGHJ3","VSGNDPDSLWGTYRLDAFDI",0.000179397940511643,5
"IGHV3-23","IGHJ4","AKDGHCPGALCPTQIAVAGYNDN",0.000179397940511643,5
"IGHV3-23","IGHJ3","AKDRRDGYNFNPFDI",0.000179397940511643,5
"IGHV3-53","IGHJ4","ARAGGSINPFDY",0.000179397940511643,5
"IGHV4-4","IGHJ3","ARDLTAANAFDI",0.000179397940511643,5
"IGHV4-34","IGHJ5","ARGRIWIQLWLRFGFDP",0.000179397940511643,5
"IGHV4-34","IGHJ5","ARGRIWIQLWLRFGFDP",0.000179397940511643,5
"IGHV3-7","IGHJ5","ARPTDEFRLDL",0.000179397940511643,5
"IGHV4-4","IGHJ3","ARDLTAANAFDI",0.000179397940511643,5
"IGHV4-34","IGHJ5","ARGRIWIQLWLRFGFDP",0.000179397940511643,5
"IGHV4-59","IGHJ4","ARRSGGRRGYFDY",0.000179397940511643,5
"IGHV4-59","IGHJ4","ARRSGGRRGYFDY",0.000179397940511643,5
"IGHV4-59","IGHJ4","ARRSGGRRGYFDY",0.000179397940511643,5
"IGHV3-23","IGHJ4","AKGSGPTCYSPFDY",0.000179397940511643,5
"IGHV4-59","IGHJ4","ARRSGGRRGYFDY",0.000179397940511643,5
"IGHV3-30","IGHJ5","",0.000179397940511643,5
"IGHV1-2","IGHJ3","ARDHYDFWSGYYSSAFDI",0.000179397940511643,5
"IGHV3-33","IGHJ5","AKEYRRMNMVRGSLDQ",0.000179397940511643,5
"IGHV4-38-2","IGHJ4","ARDTSSRWYLFDY",0.000179397940511643,5
"IGHV4-4","IGHJ4","ARRDIASGWSFKD",0.000179397940511643,5
"IGHV4-59","IGHJ4","ARRRGGRRGYFDY",0.000179397940511643,5
"IGHV1-8","IGHJ4","ARGEYCSGGSCYSPFDY",0.000143518352409314,4
"IGHV3-11","IGHJ4","ARDRRSPHSAYDWGHLDI",0.000143518352409314,4
"IGHV3-74","IGHJ5","ARKTDSGSNWFDP",0.000143518352409314,4
"IGHV3-7","IGHJ4","ARDFWGAYRVDYFVY",0.000143518352409314,4
"IGHV3-23","IGHJ6","AKRADGCSGVSCYYYYMDV",0.000143518352409314,4
"IGHV3-23","IGHJ6","AKRDDGCSGVGCYYYYMDV",0.000143518352409314,4
"IGHV3-21","IGHJ4","ARDRGEYSYGYYPLT",0.000143518352409314,4
"IGHV4-59","IGHJ4","ARRSGGRRGYFDY",0.000143518352409314,4
"IGHV4-31","IGHJ5","ARNSSTLRYCSGGDCYSNWFDP",0.000143518352409314,4
"IGHV3-30","IGHJ4","AKDFNLEWCFDY",0.000143518352409314,4
"IGHV3-72","IGHJ6","ARAEVT*SSSSRMQYYYYYYMDV",0.000143518352409314,4
"IGHV3-23","IGHJ4","AKLDGGNPHFDY",0.000143518352409314,4
"IGHV3-11","IGHJ4","ARDRRSPHSAYDWGHLDI",0.000143518352409314,4
"IGHV3-11","IGHJ4","ARDRRSPHSAYDWGHLDI",0.000143518352409314,4
"IGHV4-39","IGHJ4","ARPQGFQLLDFEY",0.000143518352409314,4
"IGHV4-34","IGHJ4","ARVEKYQVHQLLPYLLFDY",0.000143518352409314,4
"IGHV4-31","IGHJ5","ARNSSTLRYCSGGDCYSNWFDP",0.000143518352409314,4
"IGHV3-30","IGHJ4","VKAWELTFDY",0.000143518352409314,4
"IGHV3-30","IGHJ4","VKAWELTFDS",0.000143518352409314,4
"IGHV1-2","IGHJ3","ARDHYDFWSGYYSSAFDI",0.000143518352409314,4
"IGHV1-2","IGHJ3","ARDHYDFWSGYYSSAFDI",0.000143518352409314,4
"IGHV1-2","IGHJ3","ARDHYDFWSGYYSSAFDI",0.000143518352409314,4
"IGHV3-23","IGHJ6","AKDPHFYYYYYMDA",0.000143518352409314,4
"IGHV3-7","IGHJ4","ASGFWGAYRVDYFDY",0.000143518352409314,4
"IGHV3-30","IGHJ5","ATGGKFDFWSGYHIDN",0.000143518352409314,4
"IGHV3-7","IGHJ4","ARDFWGAYRVDYFDY",0.000143518352409314,4
"IGHV4-4","IGHJ4","AREGRSSSSGY",0.000143518352409314,4
"IGHV3-23","IGHJ5","ARSCVTTSGGGSSSGGACSSEALNYFGP",0.000143518352409314,4
"IGHV1-2","IGHJ3","ARDHYDFWSGYYSSAFDI",0.000143518352409314,4
"IGHV4-34","IGHJ6","ARMRGGGIGYHYYMDV",0.000143518352409314,4
"IGHV1-69","IGHJ4","VRDYDTSGPQKNYFDF",0.000143518352409314,4
"IGHV1-69","IGHJ4","VRDYDTSGPQKNYFDF",0.000143518352409314,4
"IGHV3-48","IGHJ5","",0.000143518352409314,4
"IGHV4-34","IGHJ4","ARMTTGHDY",0.000143518352409314,4
"IGHV3-7","IGHJ6","ARELNGGPDV",0.000143518352409314,4
"IGHV3-74","IGHJ5","AGQYCTGGTCHSV",0.000143518352409314,4
"IGHV4-34","IGHJ4","ARMTTGHDY",0.000143518352409314,4
"IGHV1-18","IGHJ4","AREGTGETAFDY",0.000143518352409314,4
"IGHV4-39","IGHJ4","ARGYDY",0.000143518352409314,4
"IGHV5-51","IGHJ5","ASLNYDYVWDQ",0.000143518352409314,4
"IGHV1-18","IGHJ4","ARDGFSSSWPYYFDF",0.000143518352409314,4
"IGHV4-34","IGHJ6","ARAYGDYRYYYYYMDV",0.000143518352409314,4
"IGHV4-38-2","IGHJ4","ARVLSVPYLLDS",0.000143518352409314,4
"IGHV3-21","IGHJ4","ARGYDFWSGYHDY",0.000143518352409314,4
"IGHV4-34","IGHJ5","ARRGYCGSTSCYPFDP",0.000143518352409314,4
"IGHV4-39","IGHJ5","ARRGYCGSTSCYPFDP",0.000143518352409314,4
"IGHV4-34","IGHJ3","ATLRSGSTSNAFDI",0.000143518352409314,4
"IGHV4-34","IGHJ3","ATLRSASTSNAFDI",0.000143518352409314,4
"IGHV4-59","IGHJ6","VRVSRGCTDSSCYYYYYYMDV",0.000143518352409314,4
"IGHV3-7","IGHJ4","AMDRVVFTD",0.000143518352409314,4
"IGHV4-4","IGHJ4","AREAGGSPH*FDY",0.000143518352409314,4
"IGHV3-48","IGHJ4","ARDRYDNSGYHDY",0.000143518352409314,4
"IGHV1-18","IGHJ4","ARDGWFGELFLNY",0.000143518352409314,4
"IGHV4-34","IGHJ3","ATLRSGSTSNAFDI",0.000143518352409314,4
"IGHV4-39","IGHJ3","ARSYYDFWSGYYSAFDI",0.000143518352409314,4
"IGHV4-61","IGHJ6","ARSYSSVSVLSYYYFYMDV",0.000143518352409314,4
"IGHV3-74","IGHJ4","TRVGYDNTWYVDY",0.000143518352409314,4
"IGHV1-58","IGHJ4","AADYSYYDSSGPMGY",0.000143518352409314,4
"IGHV3-33","IGHJ4","AKDAQRGFDYSNSLQY",0.000143518352409314,4
"IGHV4-59","IGHJ3","ARLLDYDNSGYPDTFDI",0.000143518352409314,4
"IGHV3-21","IGHJ5","ARSNPGGGATEARAANH",0.000143518352409314,4
"IGHV4-34","IGHJ3","ATLRSGSTSNAFDI",0.000143518352409314,4
"IGHV4-4","IGHJ4","AREAGGSPHYFDY",0.000143518352409314,4
"IGHV4-39","IGHJ4","ARPPQGQWLDPFDY",0.000143518352409314,4
"IGHV4-59","IGHJ3","ARGQELSYAFDI",0.000143518352409314,4
"IGHV1-2","IGHJ5","ARVWDASGWSNWFDP",0.000143518352409314,4
"IGHV4-38-2","IGHJ4","ARSGDYIKEGFDY",0.000143518352409314,4
"IGHV4-4","IGHJ4","ARGKNLYFDSGTYSFDY",0.000107638764306986,3
"IGHV3-74","IGHJ4","ARDPALSGYSFFDY",0.000107638764306986,3
"IGHV3-74","IGHJ4","ARDPDLSGYSFFDY",0.000107638764306986,3
"IGHV3-74","IGHJ4","ARDPDLSGYSFFDY",0.000107638764306986,3
"IGHV3-74","IGHJ4","ARDPDLSGYSFFDY",0.000107638764306986,3
"IGHV4-59","IGHJ4","ARGGVRWSYDY",0.000107638764306986,3
"IGHV3-74","IGHJ1","ARAPSEVGGYYPEYFRH",0.000107638764306986,3
"IGHV4-4","IGHJ6","ARGAGLVVAGTYYMDV",0.000107638764306986,3
"IGHV1-18","IGHJ4","GRSREGVYSGSSLDY",0.000107638764306986,3
"IGHV4-39","IGHJ4","ARNDRGRPADY",0.000107638764306986,3
"IGHV3-30","IGHJ3","ARVFDNYGYGAFDI",0.000107638764306986,3
"IGHV3-64","IGHJ4","ARESSGYPSSFDY",0.000107638764306986,3
"IGHV3-64","IGHJ4","ARESSGYPSSFDY",0.000107638764306986,3
"IGHV3-33","IGHJ4","AKGPNDFWSGYYTYYFDY",0.000107638764306986,3
"IGHV3-30","IGHJ4","ARELGGMTSPPVLGH",0.000107638764306986,3
"IGHV4-34","IGHJ5","ARERDTPGINYLDP",0.000107638764306986,3
"IGHV4-59","IGHJ3","ARPSREHYNYGAFDI",0.000107638764306986,3
"IGHV3-15","IGHJ4","TTYSSGSWPF",0.000107638764306986,3
"IGHV5-51","IGHJ5","ARPKNGYSPLDS",0.000107638764306986,3
"IGHV3-23","IGHJ4","AKRIAVAAHFDH",0.000107638764306986,3
"IGHV3-7","IGHJ5","ARAGAYSSSSPAGL",0.000107638764306986,3
"IGHV3-23","IGHJ4","AKAAGGYSSGWYLNY",0.000107638764306986,3
"IGHV3-23","IGHJ4","AKDPVERSHSYGYDY",0.000107638764306986,3
"IGHV3-30","IGHJ4","ASGGPTRGTLDY",0.000107638764306986,3
"IGHV3-30","IGHJ4","ASGGPTRGTLDY",0.000107638764306986,3
"IGHV3-30","IGHJ4","ARIMYDFWSPRYPLALKY",0.000107638764306986,3
"IGHV3-53","IGHJ6","STSPSWGV",0.000107638764306986,3
"IGHV3-53","IGHJ6","STSPSWGV",0.000107638764306986,3
"IGHV3-48","IGHJ4","ARDRLTSGSYFFDY",0.000107638764306986,3
"IGHV1-46","IGHJ4","ARGARWYYDSSGYY",0.000107638764306986,3
"IGHV6-1","IGHJ5","ARDPGFDP",0.000107638764306986,3
"IGHV3-21","IGHJ3","VRVSQDDDYYDSPVQRAFGL",0.000107638764306986,3
"IGHV3-20","IGHJ4","ARGYNYAYALEY",0.000107638764306986,3
"IGHV3-23","IGHJ4","ARHDSFIPY",0.000107638764306986,3
"IGHV4-59","IGHJ4","VGGYYLFYYFDY",0.000107638764306986,3
"IGHV4-59","IGHJ4","VGGYYLFYYFDY",0.000107638764306986,3
"IGHV4-4","IGHJ4","ARVYCSGGSCYFDY",0.000107638764306986,3
"IGHV4-59","IGHJ4","ARVVSWVSISRTTTHFDY",0.000107638764306986,3
"IGHV4-59","IGHJ4","ARVVSWVSISRTTTHFDY",0.000107638764306986,3
"IGHV3-21","IGHJ5","ARADCSGSTCYLRRSWFDP",0.000107638764306986,3
"IGHV3-7","IGHJ2","ARDQGSMIVVRTTNWFFDL",0.000107638764306986,3
"IGHV3-30","IGHJ4","ARASGLLWFGDRGSYFDY",0.000107638764306986,3
"IGHV3-33","IGHJ4","AKDAQRGFDYSNSLQY",0.000107638764306986,3
"IGHV4-39","IGHJ4","ARHTWIQLWGLDY",0.000107638764306986,3
"IGHV3-33","IGHJ4","AKDAQRGFDYSNSLQY",0.000107638764306986,3
"IGHV4-38-2","IGHJ4","ARWYSSSGYLDY",0.000107638764306986,3
"IGHV3-23","IGHJ6","AKDPHFFYYYYMDA",0.000107638764306986,3
"IGHV4-34","IGHJ4","ATARELPSLDPTGDY",0.000107638764306986,3
"IGHV4-34","IGHJ4","ASARELPSLDPTGDY",0.000107638764306986,3
"IGHV1-2","IGHJ5","ARGRGGATTGFDH",0.000107638764306986,3
"IGHV3-33","IGHJ4","AKDAQRGFDYSNSLQY",0.000107638764306986,3
"IGHV6-1","IGHJ5","ARDPGFDP",0.000107638764306986,3
"IGHV1-2","IGHJ4","ARDRMGDCATTSCYLAY",0.000107638764306986,3
"IGHV3-23","IGHJ6","YALDA",0.000107638764306986,3
"IGHV3-23","IGHJ6","AKDPHFYYYYYMDA",0.000107638764306986,3
"IGHV4-34","IGHJ6","ARVGDFPDWRDV",0.000107638764306986,3
"IGHV3-15","IGHJ4","TTELGDFWSGYYRYTDY",0.000107638764306986,3
"IGHV1-2","IGHJ3","ARVQSLAPGYSSSWYEGVLLI",0.000107638764306986,3
"IGHV3-53","IGHJ6","ARVLAAVALRDYHYVDV",0.000107638764306986,3
"IGHV3-48","IGHJ6","VTGTYRTFYYFYMDV",0.000107638764306986,3
"IGHV3-7","IGHJ5","ARDGRYDSSGYSLGDWFDP",0.000107638764306986,3
"IGHV3-53","IGHJ6","ARVLAAIALRDYHYVDV",0.000107638764306986,3
"IGHV1-2","IGHJ5","AREREYSSSSDWFDP",0.000107638764306986,3
"IGHV3-53","IGHJ6","ARVLAAIALRDYHYVDV",0.000107638764306986,3
"IGHV3-23","IGHJ4","AKESSAWYGDSTDFFDS",0.000107638764306986,3
"IGHV4-39","IGHJ4","ARHGFYYASGPLFDY",0.000107638764306986,3
"IGHV5-51","IGHJ4","ARRGSYRRFDY",0.000107638764306986,3
"IGHV5-51","IGHJ5","ARRHYYDSSGPNWFDH",0.000107638764306986,3
"IGHV3-23","IGHJ5","AKDPVVRTSGRYRNWFDR",0.000107638764306986,3
"IGHV3-9","IGHJ4","AKGTGMYWTFFDY",0.000107638764306986,3
"IGHV4-4","IGHJ3","ARDAEGRDGPTGDAFDI",0.000107638764306986,3
"IGHV3-53","IGHJ6","STSPSWGV",0.000107638764306986,3
"IGHV3-74","IGHJ4","VRLLDRGC",0.000107638764306986,3
"IGHV5-51","IGHJ4","ASQYCSGASCWGY",0.000107638764306986,3
"IGHV3-23","IGHJ4","AKPLAVSRY",0.000107638764306986,3
"IGHV3-23","IGHJ4","AKPLAVSRY",0.000107638764306986,3
"IGHV3-15","IGHJ4","TTDRGIAVRPVFDY",0.000107638764306986,3
"IGHV4-59","IGHJ4","ARSPLESRRDAYNFYFDC",0.000107638764306986,3
"IGHV4-59","IGHJ3","AREMYYYDSSDSDI",0.000107638764306986,3
"IGHV4-59","IGHJ3","AREMYYYDSSDSDI",0.000107638764306986,3
"IGHV1-69-2","IGHJ4","ATASVDIFGLTIGGLHY",0.000107638764306986,3
"IGHV4-39","IGHJ5","ERSAHYVWGSSGH",0.000107638764306986,3
"IGHV3-53","IGHJ4","ARAVTDGYSLDFYFDF",0.000107638764306986,3
"IGHV3-23","IGHJ5","AKDYGYGDYGISVRGKNWFDP",0.000107638764306986,3
"IGHV3-23","IGHJ4","AKDLLGYCSSTSCYAGLDY",0.000107638764306986,3
"IGHV3-7","IGHJ3","ARAGYYGDDAFDL",0.000107638764306986,3
"IGHV3-23","IGHJ4","ARERDRNTEVADHFDH",0.000107638764306986,3
"IGHV3-48","IGHJ4","ARMSTGYYDDY",0.000107638764306986,3
"IGHV3-30","IGHJ4","ARESGVDYHSEGPRY",0.000107638764306986,3
"IGHV3-74","IGHJ4","ARGRKGDTAMEPFDY",0.000107638764306986,3
"IGHV3-21","IGHJ5","ARDPGGYCSSTSCRGTWFDP",0.000107638764306986,3
"IGHV3-23","IGHJ4","AKPPPDSSSWLFDY",0.000107638764306986,3
"IGHV3-23","IGHJ4","APPPPDSSSWLFDY",0.000107638764306986,3
"IGHV4-39","IGHJ4","ARHRYSYYYDSSGYPYYFDY",0.000107638764306986,3
"IGHV4-39","IGHJ4","ARHRYSYYYDSSGYPYYFDY",0.000107638764306986,3
"IGHV1-8","IGHJ6","ARGNVESYYYYYMDV",0.000107638764306986,3
"IGHV3-48","IGHJ4","LDY",0.000107638764306986,3
"IGHV1-69","IGHJ1","AGTISSGYYSEYFKE",0.000107638764306986,3
"IGHV3-20","IGHJ4","ARVFSHDSIAYYYGQFDY",0.000107638764306986,3
"IGHV3-23","IGHJ4","EGTYYYDSSDDY",0.000107638764306986,3
"IGHV3-23","IGHJ4","EGTYYYDSSDDY",0.000107638764306986,3
"IGHV3-30","IGHJ4","AREERVGAAYYLDA",0.000107638764306986,3
"IGHV3-11","IGHJ4","ARPATYYYDSSGYYY",0.000107638764306986,3
"IGHV3-11","IGHJ4","ARPATYYYDSSGYYY",0.000107638764306986,3
"IGHV3-23","IGHJ6","AKTKVAGDYYMDV",0.000107638764306986,3
"IGHV1-69","IGHJ5","QLPRYLVRP",0.000107638764306986,3
"IGHV4-59","IGHJ4","ATLGDFEY",0.000107638764306986,3
"IGHV4-39","IGHJ6","ARKDFHHHHMDV",0.000107638764306986,3
"IGHV4-39","IGHJ6","ARQDFHHHHMDV",0.000107638764306986,3
"IGHV4-39","IGHJ6","ARQDFHHHHMDV",0.000107638764306986,3
"IGHV4-34","IGHJ5","ARGRWSSSGWVNWFDP",0.000107638764306986,3
"IGHV4-34","IGHJ5","ARGRWSSSGWANWFDP",0.000107638764306986,3
"IGHV3-30","IGHJ4","AKGQGSGWYTDY",0.000107638764306986,3
"IGHV1-8","IGHJ4","ARGRSGLAAAGTYDY",7.17591762046572e-05,2
"IGHV4-38-2","IGHJ4","ARTRYCSGATCYSPELFDS",7.17591762046572e-05,2
"IGHV3-30","IGHJ6","AKNLGWLTPAAAYYMDV",7.17591762046572e-05,2
"IGHV3-23","IGHJ4","AKDTIWTPYSGRSRGFDY",7.17591762046572e-05,2
"IGHV1-24","IGHJ4","AAVRTSPQDFYDDTASRNPFDY",7.17591762046572e-05,2
"IGHV1-24","IGHJ4","AAVRTSPQDFYDDTAARNPFDY",7.17591762046572e-05,2
"IGHV1-24","IGHJ4","AAVRTSPQDFYDDTASRNPFDY",7.17591762046572e-05,2
"IGHV1-24","IGHJ4","AAVRTSPQDFYDDTASRNPFDY",7.17591762046572e-05,2
"IGHV3-23","IGHJ2","ARELVSLGTGYFDL",7.17591762046572e-05,2
"IGHV3-30","IGHJ4","AKDGRYSGALDC",7.17591762046572e-05,2
"IGHV3-7","IGHJ5","ARDGDTDWYDP",7.17591762046572e-05,2
"IGHV3-23","IGHJ4","AKGDYSGSYYFDY",7.17591762046572e-05,2
"IGHV3-7","IGHJ5","ARDGDTDWYDP",7.17591762046572e-05,2
"IGHV3-7","IGHJ4","ARDRRRYIY",7.17591762046572e-05,2
"IGHV3-7","IGHJ6","ARPHQAHTIFGVVIDNFYYMDV",7.17591762046572e-05,2
"IGHV4-39","IGHJ4","ASASGYVPPSGY",7.17591762046572e-05,2
"IGHV3-48","IGHJ4","ARNFDS",7.17591762046572e-05,2
"IGHV1-46","IGHJ4","EKSRSGSYLLGY",7.17591762046572e-05,2
"IGHV3-7","IGHJ4","ASERWDYGYVWGSNRHDY",7.17591762046572e-05,2
"IGHV3-7","IGHJ4","ARSKDRSWPFDS",7.17591762046572e-05,2
"IGHV4-61","IGHJ5","ARGSGWNSFDP",7.17591762046572e-05,2
"IGHV4-59","IGHJ4","ARIDPLGYFDQ",7.17591762046572e-05,2
"IGHV4-59","IGHJ4","ARIDPLGYFDQ",7.17591762046572e-05,2
"IGHV4-59","IGHJ4","ATIYPLGYFDQ",7.17591762046572e-05,2
"IGHV4-59","IGHJ4","ARIDPLGYFDQ",7.17591762046572e-05,2
"IGHV4-59","IGHJ4","ARIDPLGYFDQ",7.17591762046572e-05,2
"IGHV4-59","IGHJ4","ARIDPLGYFDQ",7.17591762046572e-05,2
"IGHV3-23","IGHJ5","AKDWEITIRGWFDG",7.17591762046572e-05,2
"IGHV4-34","IGHJ4","ARGVRRSDTTMVDGLDY",7.17591762046572e-05,2
"IGHV1-8","IGHJ4","ARGRSGLAAAGTYDY",7.17591762046572e-05,2
"IGHV3-30","IGHJ6","AKNLEWLTPAAAYYMDV",7.17591762046572e-05,2
"IGHV3-74","IGHJ1","ARAPCEIGGYYPEYFRH",7.17591762046572e-05,2
"IGHV3-23","IGHJ5","",7.17591762046572e-05,2
"IGHV3-21","IGHJ4","VRRGPNNSGLDY",7.17591762046572e-05,2
"IGHV4-39","IGHJ3","AGLTRGDAFDI",7.17591762046572e-05,2
"IGHV3-30","IGHJ4","AKDPFNSLLVDY",7.17591762046572e-05,2
"IGHV3-48","IGHJ4","ARDVEQWLVRVYYFDY",7.17591762046572e-05,2
"IGHV4-31","IGHJ4","ARGQYHYDTSGHDFDN",7.17591762046572e-05,2
"IGHV3-20","IGHJ4","",7.17591762046572e-05,2
"IGHV4-59","IGHJ6","AREGTDQYYFYYMDV",7.17591762046572e-05,2
"IGHV3-30","IGHJ4","AKDGSWSCTD",7.17591762046572e-05,2
"IGHV3-64","IGHJ6","AKTKTEQFIYGPYRDYYYMDV",7.17591762046572e-05,2
"IGHV3-7","IGHJ4","ASYRYSSSCYIY",7.17591762046572e-05,2
"IGHV4-59","IGHJ4","ARIDPLGYFDQ",7.17591762046572e-05,2
"IGHV4-59","IGHJ3","ASRCTTCPGRGATDI",7.17591762046572e-05,2
"IGHV4-59","IGHJ6","ARSPDCGGDCYSGPPADYYYYYYMDV",7.17591762046572e-05,2
"IGHV3-7","IGHJ4","ARDRSRYIY",7.17591762046572e-05,2
"IGHV3-48","IGHJ4","ARGGRWVPEVPITYYFDS",7.17591762046572e-05,2
"IGHV4-31","IGHJ4","ARGQYHYDTSGHDFDN",7.17591762046572e-05,2
"IGHV4-31","IGHJ4","ARGQYHYDTSGHDFDN",7.17591762046572e-05,2
"IGHV3-74","IGHJ5","ARDLVDSGSPSPPGF",7.17591762046572e-05,2
"IGHV4-59","IGHJ6","AREGTVQYYFYYMDV",7.17591762046572e-05,2
"IGHV4-4","IGHJ4","ARDGYTASYYTLEY",7.17591762046572e-05,2
"IGHV3-23","IGHJ4","AKDGLSYDGSEHVYYFDY",7.17591762046572e-05,2
"IGHV3-23","IGHJ4","AKAMGGWLFDY",7.17591762046572e-05,2
"IGHV3-48","IGHJ3","ARTDRGGDYGDDYAFDI",7.17591762046572e-05,2
"IGHV3-30","IGHJ3","AKVRLLLSSWDDVFES",7.17591762046572e-05,2
"IGHV4-59","IGHJ4","ATLGDFEY",7.17591762046572e-05,2
"IGHV3-23","IGHJ4","AKAMGGWLFDY",7.17591762046572e-05,2
"IGHV3-48","IGHJ4","VRDRGQFSRRNFDY",7.17591762046572e-05,2
"IGHV3-20","IGHJ4","ARVSGLGSYYDSSGYPDY",7.17591762046572e-05,2
"IGHV4-39","IGHJ4","ARHVRRYYYDSGAHWIEGNKFEGDFDY",7.17591762046572e-05,2
"IGHV1-18","IGHJ4","ARCRGDYSSGWYVDY",7.17591762046572e-05,2
"IGHV1-18","IGHJ4","ARGRGHYSSGSYVDY",7.17591762046572e-05,2
"IGHV1-18","IGHJ4","ARGRGHYSSGWYVDY",7.17591762046572e-05,2
"IGHV1-18","IGHJ4","ARGRGHYSSGWYVDY",7.17591762046572e-05,2
"IGHV3-30","IGHJ4","ARRDDYGDYGGLAFDY",7.17591762046572e-05,2
"IGHV1-18","IGHJ4","ARSNYYDSGGSLDY",7.17591762046572e-05,2
"IGHV1-18","IGHJ4","ARSNYYDSGGSLDY",7.17591762046572e-05,2
"IGHV1-18","IGHJ4","ARSNYYDSGGSLDY",7.17591762046572e-05,2
"IGHV1-18","IGHJ4","ARSNYYDSGGSLDY",7.17591762046572e-05,2
"IGHV1-2","IGHJ5","AREHCSSTSCYPERNWFDP",7.17591762046572e-05,2
"IGHV4-59","IGHJ5","AREHCSSTSCYPERNWFDP",7.17591762046572e-05,2
"IGHV3-23","IGHJ4","AKASVGHCSGAFC*HFDS",7.17591762046572e-05,2
"IGHV3-74","IGHJ4","VPYNWNSPNY",7.17591762046572e-05,2
"IGHV3-33","IGHJ4","ARDAQRGFDYSNSLRY",7.17591762046572e-05,2
"IGHV1-2","IGHJ4","ARGFVLWGLSGQTKLPRDFEY",7.17591762046572e-05,2
"IGHV3-33","IGHJ4","ARDAQRGFDYSNSLRY",7.17591762046572e-05,2
"IGHV3-7","IGHJ3","ARVGGGSFWAFDI",7.17591762046572e-05,2
"IGHV3-23","IGHJ4","AKGDYSGSYYFDY",7.17591762046572e-05,2
"IGHV3-23","IGHJ4","AQRGRGAAAAFDY",7.17591762046572e-05,2
"IGHV5-51","IGHJ5","ARHSDVIGAI",7.17591762046572e-05,2
"IGHV3-21","IGHJ4","ARDSGGVFIAAAAPFDY",7.17591762046572e-05,2
"IGHV3-53","IGHJ5","ARMNYYGSGSSSNWFDP",7.17591762046572e-05,2
"IGHV3-53","IGHJ5","ARMNYYGSGSSSNWFDP",7.17591762046572e-05,2
"IGHV3-53","IGHJ5","ARMNYYGSGSSSNWFFP",7.17591762046572e-05,2
"IGHV3-53","IGHJ5","ARMNYYGSGSSSNWFHP",7.17591762046572e-05,2
"IGHV4-59","IGHJ6","PRFGVVAIPNNYYHYMDV",7.17591762046572e-05,2
"IGHV1-8","IGHJ6","AKGSYDSSGYHYYYYYYYMDV",7.17591762046572e-05,2
"IGHV3-23","IGHJ4","VKGGLEMATDPAGFFDS",7.17591762046572e-05,2
"IGHV3-23","IGHJ4","VKGGLEMATDPAGFFDS",7.17591762046572e-05,2
"IGHV3-23","IGHJ4","VKGGLEMATDPAGFFDS",7.17591762046572e-05,2
"IGHV3-23","IGHJ4","VKGGLEMATDPAGFFDS",7.17591762046572e-05,2
"IGHV4-34","IGHJ4","ARDPTTVVTLPYYFDF",7.17591762046572e-05,2
"IGHV3-23","IGHJ4","ARDVGITVGATDY",7.17591762046572e-05,2
"IGHV3-23","IGHJ4","ARDVGITVGATDY",7.17591762046572e-05,2
"IGHV3-23","IGHJ4","ARDVGITVGATDY",7.17591762046572e-05,2
"IGHV3-23","IGHJ4","ARDVGITVGATDY",7.17591762046572e-05,2
"IGHV3-23","IGHJ4","ARDVGITVGATDY",7.17591762046572e-05,2
"IGHV3-23","IGHJ4","ARDVGITVGATDY",7.17591762046572e-05,2
"IGHV4-59","IGHJ4","TREKLSAGPHFEH",7.17591762046572e-05,2
"IGHV5-51","IGHJ4","ARQGIAAAGSDY",7.17591762046572e-05,2
"IGHV4-34","IGHJ4","ATGGVAGTTRGYFDY",7.17591762046572e-05,2
"IGHV3-74","IGHJ4","ARA*RGEASLY",7.17591762046572e-05,2
"IGHV3-53","IGHJ4","VGEGRY",7.17591762046572e-05,2
"IGHV4-4","IGHJ4","ARLSKGRYFDYIFDY",7.17591762046572e-05,2
"IGHV3-74","IGHJ4","ARAERGEASLY",7.17591762046572e-05,2
"IGHV1-2","IGHJ5","",7.17591762046572e-05,2
"IGHV1-2","IGHJ4","ARDQYCSGGSCYSPQSNPLRATLT",7.17591762046572e-05,2
"IGHV3-23","IGHJ4","AKDRSSGWSNSYYFDY",7.17591762046572e-05,2
"IGHV3-23","IGHJ4","AKDRSSGWSNSYYFDY",7.17591762046572e-05,2
"IGHV3-49","IGHJ4","TLGAYDFWSGSVDY",7.17591762046572e-05,2
"IGHV3-74","IGHJ4","ARAERGGASLY",7.17591762046572e-05,2
"IGHV3-74","IGHJ4","ARAERGGDSLY",7.17591762046572e-05,2
"IGHV3-23","IGHJ4","AVSSGLYAAFDY",7.17591762046572e-05,2
"IGHV3-74","IGHJ4","ARAERGGASLY",7.17591762046572e-05,2
"IGHV4-4","IGHJ4","AREPTESTTAY",7.17591762046572e-05,2
"IGHV4-59","IGHJ5","ATHYYDPSCGGDCSRGAPQRSWFDP",7.17591762046572e-05,2
"IGHV3-74","IGHJ4","ELPSDY",7.17591762046572e-05,2
"IGHV4-4","IGHJ4","ARGFGAAAGDY",7.17591762046572e-05,2
"IGHV5-51","IGHJ4","ARGRGSSWYFDY",7.17591762046572e-05,2
"IGHV4-59","IGHJ6","ARRTRSFSYTYGDAYYYYYMDV",7.17591762046572e-05,2
"IGHV3-30","IGHJ4","AKDAAGTEY*FDY",7.17591762046572e-05,2
"IGHV3-48","IGHJ6","ARVAQITTSAVAHTFYYMDI",7.17591762046572e-05,2
"IGHV3-7","IGHJ3","AREGYGDYHI",7.17591762046572e-05,2
"IGHV3-48","IGHJ6","ARVAQITASAVAHTFYYMDI",7.17591762046572e-05,2
"IGHV3-73","IGHJ4","TRQTDSCHDY",7.17591762046572e-05,2
"IGHV3-48","IGHJ4","ARNFDS",7.17591762046572e-05,2
"IGHV3-23","IGHJ5","ARHDSYIPW",7.17591762046572e-05,2
"IGHV5-51","IGHJ4","ARGRGSSWYFDY",7.17591762046572e-05,2
"IGHV3-53","IGHJ4","ARGVEPLAANTLAY",7.17591762046572e-05,2
"IGHV5-51","IGHJ4","ARGRGSSWYFDY",7.17591762046572e-05,2
"IGHV3-64","IGHJ5","",7.17591762046572e-05,2
"IGHV3-23","IGHJ4","VKGGLEMATDPAGFFDS",7.17591762046572e-05,2
"IGHV3-30","IGHJ3","AKCRIDILTLDAFDI",7.17591762046572e-05,2
"IGHV4-59","IGHJ5","ARHILTAGSIE",7.17591762046572e-05,2
"IGHV3-23","IGHJ4","",7.17591762046572e-05,2
"IGHV3-23","IGHJ4","AIGLDFGTFFDY",7.17591762046572e-05,2
"IGHV3-23","IGHJ4","AIGLDFGTFFDY",7.17591762046572e-05,2
"IGHV3-23","IGHJ4","AIGLDFGTFFDY",7.17591762046572e-05,2
"IGHV3-30","IGHJ4","VKDPYNWNVFEN",7.17591762046572e-05,2
"IGHV3-30","IGHJ6","AFFVGVVPGNLLL",7.17591762046572e-05,2
"IGHV3-7","IGHJ6","AIFAGVVPGNLLL",7.17591762046572e-05,2
"IGHV3-21","IGHJ4","ARLVAGTPY",7.17591762046572e-05,2
"IGHV3-48","IGHJ4","ARRNYADY",7.17591762046572e-05,2
"IGHV3-53","IGHJ4","ARDQLGFVDY",7.17591762046572e-05,2
"IGHV3-7","IGHJ4","ARRMWVSGYSFDN",7.17591762046572e-05,2
"IGHV3-7","IGHJ4","ARRMWVSGYSFDN",7.17591762046572e-05,2
"IGHV3-23","IGHJ5","VKGGQRYDFWRFDF",7.17591762046572e-05,2
"IGHV3-23","IGHJ3","AKDAGYNPLTTFDAFED",7.17591762046572e-05,2
"IGHV4-34","IGHJ5","ARIRCGRGQDRCYNH",7.17591762046572e-05,2
"IGHV3-74","IGHJ4","ARAERGGASLY",7.17591762046572e-05,2
"IGHV1-46","IGHJ4","ARDQRWLQADY",7.17591762046572e-05,2
"IGHV3-7","IGHJ4","AIWTSGNY",7.17591762046572e-05,2
"IGHV4-39","IGHJ4","GREETPSDY",7.17591762046572e-05,2
"IGHV3-7","IGHJ4","AIWTSGNY",7.17591762046572e-05,2
"IGHV4-34","IGHJ4","ARVYDSSGYYLAY",7.17591762046572e-05,2
"IGHV5-51","IGHJ4","ARQVYSSAYYY",7.17591762046572e-05,2
"IGHV1-18","IGHJ4","ARGRGHYSSGWYVDY",7.17591762046572e-05,2
"IGHV1-24","IGHJ1","ATGPLGQLVARDEYFQH",7.17591762046572e-05,2
"IGHV3-7","IGHJ4","VRDRDYYVFDY",7.17591762046572e-05,2
"IGHV3-48","IGHJ4","VRDRDYYVFDY",7.17591762046572e-05,2
"IGHV3-7","IGHJ4","VRDRDYYVFDY",7.17591762046572e-05,2
"IGHV4-4","IGHJ4","ARAVAGTADFDY",7.17591762046572e-05,2
"IGHV4-4","IGHJ4","ARAVAGTADFDY",7.17591762046572e-05,2
"IGHV4-4","IGHJ4","ARDMSHIHHIPTSPFYFDY",7.17591762046572e-05,2
"IGHV3-53","IGHJ4","ARGVEPLAANTLAY",7.17591762046572e-05,2
"IGHV3-23","IGHJ3","AKDPWSKGGVGAFDI",7.17591762046572e-05,2
"IGHV3-30","IGHJ1","ASYYDDSNPYFQH",7.17591762046572e-05,2
"IGHV4-39","IGHJ3","ARQFSSSPIDT",7.17591762046572e-05,2
"IGHV4-39","IGHJ3","ARQFSSSPIDT",7.17591762046572e-05,2
"IGHV4-39","IGHJ3","ARQFSSSPIDT",7.17591762046572e-05,2
"IGHV3-53","IGHJ4","ARAVTDGYSLDFYFDF",7.17591762046572e-05,2
"IGHV5-51","IGHJ4","ARHLGGDRTSGYYNY",7.17591762046572e-05,2
"IGHV5-51","IGHJ4","ARHLGGDRTSGYYNY",7.17591762046572e-05,2
"IGHV3-53","IGHJ4","ARAVTDGYSLDFYFDF",7.17591762046572e-05,2
"IGHV3-53","IGHJ4","ARAVTDGYSLDFYFDF",7.17591762046572e-05,2
"IGHV3-53","IGHJ4","ARAVTDGYSLDFYFDF",7.17591762046572e-05,2
"IGHV3-53","IGHJ4","ARAVTDGYSLDFYFDF",7.17591762046572e-05,2
"IGHV3-53","IGHJ4","ARAVTDGYSLDF*FDF",7.17591762046572e-05,2
"IGHV3-53","IGHJ4","ARAVTDGYSLDFYFDF",7.17591762046572e-05,2
"IGHV3-64","IGHJ4","ARVTTSGWRAFDY",7.17591762046572e-05,2
"IGHV3-7","IGHJ3","ARAGYYGDDAFDL",7.17591762046572e-05,2
"IGHV3-7","IGHJ3","ARAGYYGDDAFDL",7.17591762046572e-05,2
"IGHV3-7","IGHJ3","ARVGYYGNDAFDL",7.17591762046572e-05,2
"IGHV1-8","IGHJ1","ARGPPPYCSGDSCYSFLYFHH",7.17591762046572e-05,2
"IGHV3-7","IGHJ3","ARAGYYGDDAFDL",7.17591762046572e-05,2
"IGHV4-34","IGHJ4","SRGRDRSKAGDH",7.17591762046572e-05,2
"IGHV4-34","IGHJ4","SRGRDRSKAGDH",7.17591762046572e-05,2
"IGHV3-23","IGHJ4","AKHEADFWSCFDS",7.17591762046572e-05,2
"IGHV3-23","IGHJ4","AKHEAGFWSCFDS",7.17591762046572e-05,2
"IGHV3-23","IGHJ4","AKHEADFWSCFDS",7.17591762046572e-05,2
"IGHV3-23","IGHJ4","AKHEADFWSCFDS",7.17591762046572e-05,2
"IGHV4-59","IGHJ4","ARDKQHSYGRYFDH",7.17591762046572e-05,2
"IGHV3-15","IGHJ5","TTDPTDICRYSGLGGTGVF",7.17591762046572e-05,2
"IGHV3-53","IGHJ4","ARGVEPLAANTLAY",7.17591762046572e-05,2
"IGHV3-23","IGHJ4","AQAGGSYPLYFDY",7.17591762046572e-05,2
"IGHV3-53","IGHJ4","ARGVEPLAANTLAY",7.17591762046572e-05,2
"IGHV3-48","IGHJ4","ARDFRWASDF",7.17591762046572e-05,2
"IGHV3-48","IGHJ4","ARDFRWASDF",7.17591762046572e-05,2
"IGHV3-48","IGHJ4","ARDFRWASDF",7.17591762046572e-05,2
"IGHV3-48","IGHJ4","ARDFRWASDF",7.17591762046572e-05,2
"IGHV3-30","IGHJ4","AKAPVAAAPAYYFDN",7.17591762046572e-05,2
"IGHV1-8","IGHJ6","ARGNVESYYYYYMDV",7.17591762046572e-05,2
"IGHV1-8","IGHJ6","ARGNVESYYYYYMDV",7.17591762046572e-05,2
"IGHV1-8","IGHJ6","ARGNVESYYYYYMDV",7.17591762046572e-05,2
"IGHV1-8","IGHJ6","ARGNVESYYYYYMDV",7.17591762046572e-05,2
"IGHV1-8","IGHJ6","ARGNVESYYYYYMDV",7.17591762046572e-05,2
"IGHV3-23","IGHJ3","AKDLPYCSGGSCYSNRNVFDI",7.17591762046572e-05,2
"IGHV1-2","IGHJ5","",7.17591762046572e-05,2
"IGHV3-23","IGHJ3","AKDLPYCSGGSCYSNRNVFDI",7.17591762046572e-05,2
"IGHV3-15","IGHJ5","TTDHTDIGRYIGLGGTGVF",7.17591762046572e-05,2
"IGHV3-20","IGHJ4","ARVFSHDSSAYYYGQFDY",7.17591762046572e-05,2
"IGHV4-39","IGHJ5","ARRSYCGGGCLWLDS",7.17591762046572e-05,2
"IGHV3-30","IGHJ5","AKDPNYYAHLI",7.17591762046572e-05,2
"IGHV3-11","IGHJ6","ARARGEQLVDPDGFYMDV",7.17591762046572e-05,2
"IGHV3-11","IGHJ6","ARARGEQLVDPDGFYMDV",7.17591762046572e-05,2
"IGHV3-11","IGHJ6","ARARGEQLVDPDGFYMDV",7.17591762046572e-05,2
"IGHV3-7","IGHJ4","ARTSSS*YYFDY",7.17591762046572e-05,2
"IGHV3-23","IGHJ6","AKTKVAGDYYMDV",7.17591762046572e-05,2
"IGHV3-48","IGHJ4","ARGPPYQPIDY",7.17591762046572e-05,2
"IGHV3-48","IGHJ5","AREGYGANSQLDT",7.17591762046572e-05,2
"IGHV4-34","IGHJ4","AINDGSGSYYKSDY",7.17591762046572e-05,2
"IGHV4-39","IGHJ3","ARQFSSSPIDT",7.17591762046572e-05,2
"IGHV1-2","IGHJ5","ARDREYSSSSGWFDP",7.17591762046572e-05,2
"IGHV1-2","IGHJ5","ARDREYSSSSGWFDP",7.17591762046572e-05,2
"IGHV3-7","IGHJ6","ARDYYYMDV",7.17591762046572e-05,2
"IGHV4-59","IGHJ4","TRGYYEAFDY",7.17591762046572e-05,2
"IGHV1-18","IGHJ3","ALSIAARRVAFDI",7.17591762046572e-05,2
"IGHV3-7","IGHJ4","DY",7.17591762046572e-05,2
"IGHV1-2","IGHJ6","ARGEVSGRRHYYYMDV",7.17591762046572e-05,2
"IGHV1-2","IGHJ6","AGGEVSGRRHYYYMDV",7.17591762046572e-05,2
"IGHV3-23","IGHJ4","AKSLLMWELLLRFDN",7.17591762046572e-05,2
"IGHV3-20","IGHJ3","ARVRKQYYYDNSHHRDASDV",7.17591762046572e-05,2
"IGHV3-7","IGHJ4","ARGPLDFWFYFDY",7.17591762046572e-05,2
"IGHV3-7","IGHJ4","DY",7.17591762046572e-05,2
"IGHV4-39","IGHJ4","AYSVSYDLFEF",7.17591762046572e-05,2
"IGHV6-1","IGHJ3","ARADMIRARQFDAFDI",7.17591762046572e-05,2
"IGHV3-48","IGHJ4","TTLTVASNFDY",3.58795881023286e-05,1
"IGHV5-51","IGHJ5","ARQGVAVAGTLWLDP",3.58795881023286e-05,1
"IGHV3-30","IGHJ4","ANPKGYYDSSALIGGY",3.58795881023286e-05,1
"IGHV4-4","IGHJ6","ARGSDCSGGSCYSSYYYYYYMDV",3.58795881023286e-05,1
"IGHV4-39","IGHJ4","ARHRARGWDLLSY",3.58795881023286e-05,1
"IGHV3-7","IGHJ4","VREFHWARDY",3.58795881023286e-05,1
"IGHV3-7","IGHJ4","VREFHWARDY",3.58795881023286e-05,1
"IGHV3-7","IGHJ4","VREFHWARDY",3.58795881023286e-05,1
"IGHV3-7","IGHJ5","ARDPTNGALGGPF",3.58795881023286e-05,1
"IGHV3-23","IGHJ6","AKTKVAGYYYMDV",3.58795881023286e-05,1
"IGHV3-7","IGHJ4","ARGSRGTYDC",3.58795881023286e-05,1
"IGHV3-7","IGHJ4","VREFHWARDY",3.58795881023286e-05,1
"IGHV3-7","IGHJ5","VRDVGEGRFDP",3.58795881023286e-05,1
"IGHV3-30","IGHJ5","ARGDDYGSNTRLPRFNWFDP",3.58795881023286e-05,1
"IGHV5-51","IGHJ5","ARHSDVIGAI",3.58795881023286e-05,1
"IGHV3-7","IGHJ4","ARGPDYGDRLDYFDY",3.58795881023286e-05,1
"IGHV3-7","IGHJ4","ARGPDYGDRLDYFDY",3.58795881023286e-05,1
"IGHV3-7","IGHJ4","ARGPDYGDRLDYFDY",3.58795881023286e-05,1
"IGHV4-59","IGHJ3","ARDRPGIAVAGDAFDI",3.58795881023286e-05,1
"IGHV1-8","IGHJ4","VKSAY",3.58795881023286e-05,1
"IGHV4-59","IGHJ5","ARESEGLRT",3.58795881023286e-05,1
"IGHV1-18","IGHJ4","ARDPSLAVAGIRLFDY",3.58795881023286e-05,1
"IGHV4-31","IGHJ4","VSDRNY",3.58795881023286e-05,1
"IGHV4-59","IGHJ3","ARGNKIGGKSYVDGFDI",3.58795881023286e-05,1
"IGHV4-59","IGHJ3","ARGNKIGGKSYVDGFDI",3.58795881023286e-05,1
"IGHV4-59","IGHJ3","ARGNKIGGKSYVDGFDI",3.58795881023286e-05,1
"IGHV3-7","IGHJ5","CR*REVRP",3.58795881023286e-05,1
"IGHV4-38-2","IGHJ4","ARAYYDNSGYYSLGY",3.58795881023286e-05,1
"IGHV1-8","IGHJ1","ARGPPLIVVVIAATPFCTST",3.58795881023286e-05,1
"IGHV3-23","IGHJ4","AKHEADFWSCFDS",3.58795881023286e-05,1
"IGHV3-23","IGHJ4","AKGPGIVVVVADYYFDY",3.58795881023286e-05,1
"IGHV3-7","IGHJ5","VRDVGEGRFDP",3.58795881023286e-05,1
"IGHV3-21","IGHJ4","ARDMPRVAFWEWLSSGFDY",3.58795881023286e-05,1
"IGHV3-53","IGHJ4","ARAKAYYDILTGYYSNSPLDY",3.58795881023286e-05,1
"IGHV1-2","IGHJ4","ARDISWSFDF",3.58795881023286e-05,1
"IGHV4-31","IGHJ4","ARGQYHYDTSGHDFDN",3.58795881023286e-05,1
"IGHV1-2","IGHJ4","ARDISWSFDF",3.58795881023286e-05,1
"IGHV1-2","IGHJ4","ARDISWSFDF",3.58795881023286e-05,1
"IGHV3-7","IGHJ4","ARDVVGSLDY",3.58795881023286e-05,1
"IGHV3-30","IGHJ4","ANGPWGDGAAFDY",3.58795881023286e-05,1
"IGHV3-7","IGHJ4","ARGPDYGDRLDYFDY",3.58795881023286e-05,1
"IGHV3-23","IGHJ4","AKGGQNYDFW*FDY",3.58795881023286e-05,1
"IGHV4-61","IGHJ4","ARGYSGFDH",3.58795881023286e-05,1
"IGHV4-39","IGHJ4","AYSVSYDLFEF",3.58795881023286e-05,1
"IGHV3-7","IGHJ3","ARSGGDTIFGVVINPDAFDI",3.58795881023286e-05,1
"IGHV1-8","IGHJ6","ARGNVESYYY*YMDL",3.58795881023286e-05,1
"IGHV3-30","IGHJ4","AKDLGYYCSGSYYNQRLFDY",3.58795881023286e-05,1
"IGHV3-74","IGHJ4","ARGMTYYYGSGKFDY",3.58795881023286e-05,1
"IGHV3-7","IGHJ5","ARDPTNGALGGPF",3.58795881023286e-05,1
"IGHV1-8","IGHJ4","DS",3.58795881023286e-05,1
"IGHV3-7","IGHJ5","ARDPTNGALGGPF",3.58795881023286e-05,1
"IGHV3-7","IGHJ4","ATEGAYTTSSPPAY",3.58795881023286e-05,1
"IGHV1-8","IGHJ6","AKGFYDSSGYHYYHYY*MDV",3.58795881023286e-05,1
"IGHV1-8","IGHJ6","AKGSYDSSGYHYYYYYYYMDV",3.58795881023286e-05,1
"IGHV3-23","IGHJ4","AKWGTYYYDSSGYRGPPTGPGFDY",3.58795881023286e-05,1
"IGHV1-8","IGHJ6","AKGSYDSSGYHYYYYYYYMDV",3.58795881023286e-05,1
"IGHV3-7","IGHJ2","ARDQGSMIVVRTTNWYFDL",3.58795881023286e-05,1
"IGHV3-30","IGHJ4","ARDGRYFDWLLGDS",3.58795881023286e-05,1
"IGHV1-2","IGHJ4","ARVGRGYSYGPFDY",3.58795881023286e-05,1
"IGHV3-48","IGHJ4","ARHNYADY",3.58795881023286e-05,1
"IGHV3-11","IGHJ4","AGVDDCGGDCYSFDY",3.58795881023286e-05,1
"IGHV3-23","IGHJ4","AKRLLTADGSPFDY",3.58795881023286e-05,1
"IGHV1-69","IGHJ4","PRGPLQYDSSGNRKYYCDS",3.58795881023286e-05,1
"IGHV4-39","IGHJ4","ARRGIAADY",3.58795881023286e-05,1
"IGHV4-39","IGHJ4","ARRGIAADY",3.58795881023286e-05,1
"IGHV4-4","IGHJ4","AR*FGAAAGDY",3.58795881023286e-05,1
"IGHV3-23","IGHJ6","ARLGYCDSTSCRDVDV",3.58795881023286e-05,1
"IGHV4-4","IGHJ4","ARGFGAAAGDY",3.58795881023286e-05,1
"IGHV1-24","IGHJ4","ATDRVYRSSGRSWGFFDY",3.58795881023286e-05,1
"IGHV1-24","IGHJ4","ATDRVYRSSGRSWGFFDY",3.58795881023286e-05,1
"IGHV3-23","IGHJ4","ARDHCRLIVAGGPNSFDY",3.58795881023286e-05,1
"IGHV3-23","IGHJ4","AKVTWAGDRDY",3.58795881023286e-05,1
"IGHV3-30","IGHJ6","AKGHGGTYLDV",3.58795881023286e-05,1
"IGHV1-2","IGHJ4","VRGGGTSWFDY",3.58795881023286e-05,1
"IGHV4-4","IGHJ6","ARGGDHYDSSGHSMDV",3.58795881023286e-05,1
"IGHV3-73","IGHJ4","TRQTDSCHDY",3.58795881023286e-05,1
"IGHV4-59","IGHJ2","ATEAHRGIAARPYWYFDL",3.58795881023286e-05,1
"IGHV3-23","IGHJ4","AKVTWAGDRDY",3.58795881023286e-05,1
"IGHV3-11","IGHJ4","ASLGRIWDIGY",3.58795881023286e-05,1
"IGHV4-4","IGHJ2","ARRAYSDSSGYHPTSGYFDL",3.58795881023286e-05,1
"IGHV4-4","IGHJ2","ARRAYYDSSGYHPTSGYFDL",3.58795881023286e-05,1
"IGHV3-15","IGHJ4","TTESRWELVDVDQ",3.58795881023286e-05,1
"IGHV1-8","IGHJ4","TRGTRIAVAGTSQRKKFDY",3.58795881023286e-05,1
"IGHV1-18","IGHJ4","AREGTGETAFDY",3.58795881023286e-05,1
"IGHV3-48","IGHJ4","ARRNYADY",3.58795881023286e-05,1
"IGHV1-8","IGHJ4","ARGLMRYNYGY",3.58795881023286e-05,1
"IGHV1-18","IGHJ4","ARDLRSSGWYYFDY",3.58795881023286e-05,1
"IGHV1-8","IGHJ5","ARDYGGSSGWFDP",3.58795881023286e-05,1
"IGHV5-51","IGHJ3","ARTGNGLGGGIDAFDI",3.58795881023286e-05,1
"IGHV1-18","IGHJ4","ARDLRSSGWYYFDY",3.58795881023286e-05,1
"IGHV1-18","IGHJ4","ARDLRSSGWYYFDY",3.58795881023286e-05,1
"IGHV3-48","IGHJ4","ARRNYADY",3.58795881023286e-05,1
"IGHV3-30","IGHJ6","AKEGDKNYYYMDV",3.58795881023286e-05,1
"IGHV3-30","IGHJ6","AKEGDKNYYYMDV",3.58795881023286e-05,1
"IGHV3-48","IGHJ4","ARRNYADY",3.58795881023286e-05,1
"IGHV3-48","IGHJ4","ARRNYTDY",3.58795881023286e-05,1
"IGHV3-48","IGHJ4","ARRNYADY",3.58795881023286e-05,1
"IGHV3-74","IGHJ1","ARAPSEIGGYYPEYFRH",3.58795881023286e-05,1
"IGHV3-33","IGHJ4","AKDRGSSWVLASFDS",3.58795881023286e-05,1
"IGHV3-74","IGHJ1","ARAPSEIGGYYPEYFRH",3.58795881023286e-05,1
"IGHV3-11","IGHJ6","ARDEGNWVYYYMDV",3.58795881023286e-05,1
"IGHV3-11","IGHJ6","ARDEGNWVYYYMDV",3.58795881023286e-05,1
"IGHV3-11","IGHJ6","ARDEGNWVYYYMDV",3.58795881023286e-05,1
"IGHV3-53","IGHJ4","ARGVEPLAANTLAY",3.58795881023286e-05,1
"IGHV3-11","IGHJ4","ARTARNPEY",3.58795881023286e-05,1
"IGHV3-23","IGHJ5","SKDPCNGGSCYDYESDP",3.58795881023286e-05,1
"IGHV3-7","IGHJ5","TKDLNHDSSG",3.58795881023286e-05,1
"IGHV3-7","IGHJ5","TKDLNHDSSG",3.58795881023286e-05,1
"IGHV4-39","IGHJ1","ARQLRRHDSFLEYFQH",3.58795881023286e-05,1
"IGHV3-15","IGHJ4","TTDPSAHYDFWSGYVTPFDY",3.58795881023286e-05,1
"IGHV3-43","IGHJ4","AKDAEDTYGYYLGS",3.58795881023286e-05,1
"IGHV4-39","IGHJ4","ARQTDYYDSSGYYQRYFDY",3.58795881023286e-05,1
"IGHV4-59","IGHJ5","ARAGYYYDSMGET",3.58795881023286e-05,1
"IGHV3-7","IGHJ4","SGQDSSRSPWAY",3.58795881023286e-05,1
"IGHV3-53","IGHJ4","ARGVEPLAANTLAY",3.58795881023286e-05,1
"IGHV3-53","IGHJ4","ARGVEPLAANTLAY",3.58795881023286e-05,1
"IGHV3-53","IGHJ4","ARGVEPLAVNTLAY",3.58795881023286e-05,1
"IGHV3-53","IGHJ4","ARGVEPLAANTLAY",3.58795881023286e-05,1
"IGHV1-18","IGHJ4","ARAPRVPAAIHY",3.58795881023286e-05,1
"IGHV3-48","IGHJ6","ARAVGHGSGSPRMDV",3.58795881023286e-05,1
"IGHV4-39","IGHJ4","ARRGIAADY",3.58795881023286e-05,1
"IGHV1-69","IGHJ4","ARDYGGGDIVVVPAAYFDY",3.58795881023286e-05,1
"IGHV1-69","IGHJ4","ARDYGGGDIVVVPAAYFDY",3.58795881023286e-05,1
"IGHV3-74","IGHJ5","ARGLHWNDFNWFDS",3.58795881023286e-05,1
"IGHV2-5","IGHJ5","AHPQNYYNMDWGWFDP",3.58795881023286e-05,1
"IGHV4-34","IGHJ4","AGSPGSDYKRDAFDS",3.58795881023286e-05,1
"IGHV1-2","IGHJ4","ARDPGSSAFDY",3.58795881023286e-05,1
"IGHV4-59","IGHJ4","AITSSGWHDY",3.58795881023286e-05,1
"IGHV3-11","IGHJ4","ARVQPHYYDSSGYPPDY",3.58795881023286e-05,1
"IGHV3-11","IGHJ4","ARVQPHYYDSSGYPPDY",3.58795881023286e-05,1
"IGHV1-8","IGHJ5","ARDYGDNSGWFDP",3.58795881023286e-05,1
"IGHV1-8","IGHJ5","ARDYGDNSGWFDP",3.58795881023286e-05,1
"IGHV1-8","IGHJ5","ARDYGDNSGWFDP",3.58795881023286e-05,1
"IGHV3-48","IGHJ6","ARDYFDSSDYPQTYYYYYMDV",3.58795881023286e-05,1
"IGHV4-34","IGHJ4","AIIYGDYSDFDY",3.58795881023286e-05,1
"IGHV3-30","IGHJ4","AKERTVLDY",3.58795881023286e-05,1
"IGHV3-48","IGHJ4","ARVQIVGGVITTFSDY",3.58795881023286e-05,1
"IGHV3-48","IGHJ4","ARVQIVGGVITTFSDY",3.58795881023286e-05,1
"IGHV4-39","IGHJ5","ARHSGSGSLSRPLDP",3.58795881023286e-05,1
"IGHV4-59","IGHJ3","VRGMYDHRGYSNAFDI",3.58795881023286e-05,1
"IGHV3-15","IGHJ4","TTSQYYYDSSGYYHVDY",3.58795881023286e-05,1
"IGHV3-15","IGHJ4","TTSQYYYDSSGYYHVDY",3.58795881023286e-05,1
"IGHV3-7","IGHJ4","ARGTYYYEF",3.58795881023286e-05,1
"IGHV4-39","IGHJ4","VRQDGEADYIDDYLAPATQGAFDH",3.58795881023286e-05,1
"IGHV3-23","IGHJ4","AREGMTAVAGNHFDC",3.58795881023286e-05,1
"IGHV3-48","IGHJ4","ARNQRGLKRDY",3.58795881023286e-05,1
"IGHV4-59","IGHJ4","ARHAVAVAYPYFDY",3.58795881023286e-05,1
"IGHV3-43","IGHJ4","VKDDYGPFDH",3.58795881023286e-05,1
"IGHV3-7","IGHJ4","ARDLSSGSYGNY",3.58795881023286e-05,1
"IGHV4-59","IGHJ4","ARGRCSGASCYSVSSRPFDY",3.58795881023286e-05,1
"IGHV4-59","IGHJ4","ARGRCSGGSCYSVSSRPFDY",3.58795881023286e-05,1
"IGHV3-7","IGHJ4","ARYRSLGD",3.58795881023286e-05,1
"IGHV4-34","IGHJ4","AIIYGDYSDFDY",3.58795881023286e-05,1
"IGHV4-38-2","IGHJ5","ARATRDRGNGFDP",3.58795881023286e-05,1
"IGHV4-38-2","IGHJ5","ARATRDRGNGFDP",3.58795881023286e-05,1
"IGHV4-38-2","IGHJ5","ARATRDRGNGFDP",3.58795881023286e-05,1
"IGHV4-39","IGHJ4","ARHPPRDGSAFDY",3.58795881023286e-05,1
"IGHV1-8","IGHJ6","ARALSWTTESYYYMDV",3.58795881023286e-05,1
"IGHV1-8","IGHJ6","ARALSWTTESYYYMDV",3.58795881023286e-05,1
"IGHV1-8","IGHJ6","ARALSWTTESYYYMDV",3.58795881023286e-05,1
"IGHV1-8","IGHJ6","ARALSWTTASYYYMDV",3.58795881023286e-05,1
"IGHV1-8","IGHJ6","ARALSWTTESYYYMDV",3.58795881023286e-05,1
"IGHV3-48","IGHJ4","VRRLRLDY",3.58795881023286e-05,1
"IGHV3-48","IGHJ4","VRRLRLDY",3.58795881023286e-05,1
"IGHV4-34","IGHJ5","ST",3.58795881023286e-05,1
"IGHV1-8","IGHJ4","TRGSSGRRDN",3.58795881023286e-05,1
"IGHV1-8","IGHJ4","TRGSSGRRDN",3.58795881023286e-05,1
"IGHV1-24","IGHJ5","ATRWLPAALDP",3.58795881023286e-05,1
"IGHV3-15","IGHJ6","TNDYWSGYGSYYDYYYMDV",3.58795881023286e-05,1
"IGHV3-7","IGHJ5","VSQEVVPH",3.58795881023286e-05,1
"IGHV3-23","IGHJ4","ARDFSYHSPRPPYSDY",3.58795881023286e-05,1
"IGHV1-18","IGHJ4","GTGPYYFDI",3.58795881023286e-05,1
"IGHV2-5","IGHJ4","AHDSSGWYGFDY",3.58795881023286e-05,1
"IGHV3-33","IGHJ4","ARDFSYHSPLPPYSDY",3.58795881023286e-05,1
"IGHV3-23","IGHJ4","ARDFSYHSPLPPYSDY",3.58795881023286e-05,1
"IGHV1-8","IGHJ4","ARGPPESSSSDY",3.58795881023286e-05,1
"IGHV4-34","IGHJ3","ARGWFGFWYNNYGDDNAFDI",3.58795881023286e-05,1
"IGHV3-30","IGHJ6","AKELLLLLLHGR",3.58795881023286e-05,1
"IGHV3-30","IGHJ6","AKELLLLLLHGR",3.58795881023286e-05,1
"IGHV3-30","IGHJ6","AKELLLLLLHGR",3.58795881023286e-05,1
"IGHV1-24","IGHJ3","ATDLAGRTLVGASPFDL",3.58795881023286e-05,1
"IGHV1-46","IGHJ4","ARSRSGSYLLGY",3.58795881023286e-05,1
"IGHV3-53","IGHJ5","ARDAKDS",3.58795881023286e-05,1
"IGHV3-30","IGHJ4","ANVSPNWNYAVY",3.58795881023286e-05,1
"IGHV3-74","IGHJ5","ARGLHWNDFNWFDS",3.58795881023286e-05,1
"IGHV4-59","IGHJ5","ARGRARDGSYPWFDS",3.58795881023286e-05,1
"IGHV4-59","IGHJ5","ARGRARDGSYPWFDS",3.58795881023286e-05,1
"IGHV3-23","IGHJ3","AKDRLPKASGAFDF",3.58795881023286e-05,1
"IGHV3-23","IGHJ3","AKDRPPKASGAFDF",3.58795881023286e-05,1
"IGHV3-53","IGHJ3","AKDRPPKASGAFDF",3.58795881023286e-05,1
"IGHV5-51","IGHJ4","ARSYNWNYDYFDY",3.58795881023286e-05,1
"IGHV3-23","IGHJ3","AKDRPPKASGAFDF",3.58795881023286e-05,1
"IGHV4-61","IGHJ4","ASGAQRDFGF",3.58795881023286e-05,1
"IGHV1-8","IGHJ5","ARGHII",3.58795881023286e-05,1
"IGHV1-18","IGHJ5","ARNHLGLGL",3.58795881023286e-05,1
"IGHV4-61","IGHJ4","ARDGGKGSSWYFDHFDY",3.58795881023286e-05,1
"IGHV1-18","IGHJ5","ARNHLGLGL",3.58795881023286e-05,1
"IGHV3-7","IGHJ4","AGGRDVYRY",3.58795881023286e-05,1
"IGHV3-74","IGHJ4","TRDWRNMAFDH",3.58795881023286e-05,1
"IGHV3-30","IGHJ4","AKDLRGPNYFDTPLD",3.58795881023286e-05,1
"IGHV1-8","IGHJ5","ARDYGDNSGWFDP",3.58795881023286e-05,1
"IGHV4-39","IGHJ4","ARRREQQLVDFDY",3.58795881023286e-05,1
"IGHV3-23","IGHJ4","AKDLGWELPAEAY",3.58795881023286e-05,1
"IGHV4-59","IGHJ4","ARHDYGDYYFDY",3.58795881023286e-05,1
"IGHV3-48","IGHJ4","ARDDGSGSPREVSPFDY",3.58795881023286e-05,1
"IGHV3-53","IGHJ4","ARLYFGAFDY",3.58795881023286e-05,1
"IGHV4-59","IGHJ6","ARAIPYYYYYYMDV",3.58795881023286e-05,1
"IGHV3-7","IGHJ4","ARDPGVPAAGTALLFYFDY",3.58795881023286e-05,1
"IGHV4-59","IGHJ5","ARGRARDGSYPWFDS",3.58795881023286e-05,1
"IGHV3-23","IGHJ3","AKDRPPKASGAFDF",3.58795881023286e-05,1
"IGHV4-4","IGHJ6","ARLKFYDSTGYSPGHYMDV",3.58795881023286e-05,1
"IGHV3-20","IGHJ4","AGGDRNGWYFDY",3.58795881023286e-05,1
"IGHV3-30","IGHJ4","AKDSNSGYVSVGPNY",3.58795881023286e-05,1
"IGHV4-34","IGHJ4","ARVLSGVVVPPTRGDYFDS",3.58795881023286e-05,1
"IGHV3-74","IGHJ6","TRGMRTTNYYYMDV",3.58795881023286e-05,1
"IGHV4-39","IGHJ4","ARQDRGPLRFLEFDF",3.58795881023286e-05,1
"IGHV3-13","IGHJ3","TRGRGPDQINGLDI",3.58795881023286e-05,1
"IGHV3-30","IGHJ1","TKDERYCSSIRCYGAEYFQH",3.58795881023286e-05,1
"IGHV3-53","IGHJ4","ARGVEPLAANTLAY",3.58795881023286e-05,1
"IGHV3-30","IGHJ4","ARDFDDSAGYVYYLPDY",3.58795881023286e-05,1
"IGHV3-30","IGHJ4","ARDFDDSAGYVYYLPDY",3.58795881023286e-05,1
"IGHV3-30","IGHJ4","ARDFDDSAGYVYYLPDY",3.58795881023286e-05,1
"IGHV4-59","IGHJ5","ARGRARDGSCPWFDS",3.58795881023286e-05,1
"IGHV3-15","IGHJ3","TTYDFWSVSFAFDI",3.58795881023286e-05,1
"IGHV3-23","IGHJ3","",3.58795881023286e-05,1
"IGHV3-53","IGHJ4","ARGVEPLAANTLAY",3.58795881023286e-05,1
"IGHV3-7","IGHJ3","ARCIAARPGAFDI",3.58795881023286e-05,1
"IGHV3-23","IGHJ4","AKGSSGWSGVFDS",3.58795881023286e-05,1
"IGHV3-23","IGHJ4","AKLCPHSSRNLYYFDF",3.58795881023286e-05,1
"IGHV4-39","IGHJ4","ASDNSGYYYFDS",3.58795881023286e-05,1
"IGHV3-23","IGHJ4","AKDPKPNLFWSGYYTFDY",3.58795881023286e-05,1
"IGHV3-21","IGHJ4","ARSRGMSKNDKNLLY",3.58795881023286e-05,1
"IGHV1-69","IGHJ4","ARLAVAGLDY",3.58795881023286e-05,1
"IGHV4-39","IGHJ4","ARRREGNSNLEY",3.58795881023286e-05,1
"IGHV4-34","IGHJ4","ARSHPYEPGIAAAYTDY",3.58795881023286e-05,1
"IGHV3-74","IGHJ5","ATKQWLAPPPDS",3.58795881023286e-05,1
"IGHV3-11","IGHJ4","ARASDGDSFDY",3.58795881023286e-05,1
"IGHV1-69","IGHJ3","ARDHEIAVAVDARNAFDI",3.58795881023286e-05,1
"IGHV3-53","IGHJ5","ARDAKDS",3.58795881023286e-05,1
"IGHV3-53","IGHJ5","ARDAKDS",3.58795881023286e-05,1
"IGHV3-74","IGHJ4","VRLLDRDY",3.58795881023286e-05,1
"IGHV3-23","IGHJ4","AKDVRGYSYGHLDY",3.58795881023286e-05,1
"IGHV1-24","IGHJ4","ATPSGKVY",3.58795881023286e-05,1
"IGHV4-59","IGHJ4","TRGTVTTTHFDY",3.58795881023286e-05,1
"IGHV3-48","IGHJ3","ARETAYAFDI",3.58795881023286e-05,1
"IGHV3-74","IGHJ4","ARAIIGDYVNPFDF",3.58795881023286e-05,1
"IGHV3-15","IGHJ4","TAGTGRSDFDY",3.58795881023286e-05,1
"IGHV3-23","IGHJ4","AKKLPDASSYFDF",3.58795881023286e-05,1
"IGHV3-30","IGHJ4","AKEVGHCSGGSCAEHFDY",3.58795881023286e-05,1
"IGHV1-2","IGHJ4","ARERTIFGVVIKGFDY",3.58795881023286e-05,1
"IGHV1-2","IGHJ4","ARERTIFGVVIKGFDY",3.58795881023286e-05,1
"IGHV3-53","IGHJ4","ARAGGSIKPFDY",3.58795881023286e-05,1
"IGHV4-59","IGHJ4","ARQEIGYSYNLFDY",3.58795881023286e-05,1
"IGHV4-59","IGHJ4","ARQEIGYSYNLFDY",3.58795881023286e-05,1
"IGHV3-21","IGHJ6","ARVAAGAETHTLHYHYMDV",3.58795881023286e-05,1
"IGHV4-59","IGHJ4","ARSHSVWASFDY",3.58795881023286e-05,1
"IGHV3-23","IGHJ4","ARGKRVTVFGVLKERVGYYFD*",3.58795881023286e-05,1
"IGHV3-30","IGHJ3","ARAANPHVDTASSKPFDV",3.58795881023286e-05,1
"IGHV3-30","IGHJ4","AKGRGSLDY",3.58795881023286e-05,1
"IGHV3-53","IGHJ4","ARDTSGRYGD",3.58795881023286e-05,1
"IGHV3-53","IGHJ4","ARDTTGRYGD",3.58795881023286e-05,1
"IGHV3-23","IGHJ5","AKDGYSSSYNWFDP",3.58795881023286e-05,1
"IGHV1-18","IGHJ4","ARDCSNGVCFPRDY",3.58795881023286e-05,1
"IGHV4-59","IGHJ4","ARTPDPGYFDY",3.58795881023286e-05,1
"IGHV3-30","IGHJ3","ARAANPHVDTASSKPFDV",3.58795881023286e-05,1
"IGHV3-15","IGHJ1","TASVTIFVVAGV",3.58795881023286e-05,1
"IGHV3-30","IGHJ4","AKDVVTGTVVGDY",3.58795881023286e-05,1
"IGHV3-53","IGHJ4","DPFHF",3.58795881023286e-05,1
