v_call,j_call,cdr3_aa,freqs,counts
IGHV4-31,IGHJ4,ARGPLSSTSCYLT,0.442660904,63096
IGHV4-31,IGHJ4,ARGPLCSTSCYLT,0.146024218,20814
IGHV4-31,IGHJ4,ARGPLSSTSCYLT,0.076323507,10879
IGHV4-31,IGHJ4,ARGPFSSISCYLT,0.048169611,6866
IGHV4-31,IGHJ4,ARGPLSSTSCYLT,0.033703293,4804
IGHV1-24,IGHJ6,ATESLSRSYQLLYPLYYYYGMDV,0.02517925,3589
IGHV4-34,IGHJ6,ARRYCSGGSCYMRGYYGMDV,0.019671947,2804
IGHV1-24,IGHJ6,ATESLSRSYQLLYPLYYYYGMDV,0.015890499,2265
IGHV1-24,IGHJ6,ATESLSRSYQLLYPLYYYYGMDV,0.013161403,1876
IGHV1-24,IGHJ6,ATESLSRSYQLLYPLYYYYGMDV,0.011119842,1585
IGHV1-24,IGHJ6,AT*SLSRSYQLLNPLYYDYGMDV,0.009548331,1361
IGHV1-24,IGHJ6,ATESLSRSYQLLYPLYYYYGMDV,0.008306557,1184
IGHV1-24,IGHJ6,ATESLSRSYQLLYPLYYYYGMDV,0.007310331,1042
IGHV1-24,IGHJ6,ATESLSRSYQLLYPLYYYYGMDV,0.006489498,925
IGHV3-30,IGHJ4,AKDRGGTPDY,0.005808977,828
IGHV4-31,IGHJ4,ARGPLSSTSCYLT,0.005240708,747
IGHV4-31,IGHJ4,ARGPLSSTSCYLT,0.004756626,678
IGHV3-7,IGHJ4,ARDAGRSGYDIFDY,0.004342702,619
IGHV6-1,IGHJ5,ARGEYYGSGRFYNWFDP,0.003984902,568
IGHV3-23,IGHJ4,AKGSYSSSWY,0.003669197,523
IGHV6-1,IGHJ5,ARGEYYGSGRFYNWFDP,0.003395586,484
IGHV6-1,IGHJ5,ARGEYYGSGRFYNWFDP,0.003150037,449
IGHV6-1,IGHJ5,ARGEYYGSGRFYNWFDP,0.002932551,418
IGHV6-1,IGHJ5,ARGEYYGSGRFYNWFDP,0.002743128,391
IGHV3-30,IGHJ4,AKDRGYFPDY,0.002567736,366
IGHV4-38-2,IGHJ4,ARIAVAARLDY,0.002413392,344
IGHV3-11,IGHJ4,ARASGLGPGAYFDY,0.002266062,323
IGHV1-24,IGHJ6,ATESLSRSYQLLYPLYYYYGMDV,0.00213978,305
IGHV3-7,IGHJ4,ARDAGRSGYDIFDY,0.00202753,289
IGHV1-8,IGHJ4,ARGPVVFGVVILDY,0.001915279,273
IGHV4-31,IGHJ4,A*GSLSSSSCYLN,0.001817059,259
IGHV4-59,IGHJ4,ARVEGYCSSTSCYELIDY,0.001725856,246
IGHV1-69,IGHJ6,ARDREMATIRLWYGMDV,0.001648683,235
IGHV4-61,IGHJ4,ARLQSGWFYFDY,0.001571511,224
IGHV1-24,IGHJ3,ATPTNIAEDAVDI,0.001501354,214
IGHV3-23,IGHJ5,AKDRTLDWFDP,0.001431197,204
IGHV2-5,IGHJ4,ARTLPTASDYFES,0.001368056,195
IGHV3-33,IGHJ6,ARDPQHSMDV,0.001311931,187
IGHV3-23,IGHJ4,ASVYYYDSSGYSSFDY,0.001262821,180
IGHV3-30-3,IGHJ4,ARAGYCSSPRCTYFDR,0.001206696,172
IGHV3-33,IGHJ4,ARDRGGDIPFDY,0.001164602,166
IGHV1-24,IGHJ6,ATESLSRSYQLLYPLYYYYGMDV,0.001122508,160
IGHV5-51,IGHJ5,ARLAAAVNWFDP,0.001080414,154
IGHV4-31,IGHJ4,ARGPLSSTSCYLT,0.00103832,148
IGHV5-10-1,IGHJ5,ARDAYDILTGREYNWFDP,0.001003241,143
IGHV6-1,IGHJ5,ARGEYYGSGRFYNWFDP,0.000968163,138
IGHV3-48,IGHJ3,AREIPMVKGDALDI,0.000933085,133
IGHV1-18,IGHJ4,ARHPYYDILTRRYYFDY,0.000905022,129
IGHV4-34,IGHJ4,ARGAYYGSGSYHQGY,0.000876959,125
IGHV3-30,IGHJ1,AKESAGSGYSGYDYFEYFQH,0.000848896,121
IGHV3-30,IGHJ1,AKESAGSGYSGYDDSDDFQH,0.000820834,117
IGHV1-69,IGHJ4,ARDRSDYSAGYFDY,0.000792771,113
IGHV3-33,IGHJ4,ARELFVSZSCPDY,0.000771724,110
IGHV4-34,IGHJ4,ARGRGGGSSNY,0.000750677,107
IGHV3-23,IGHJ5,VKGGAGSV,0.00072963,104
IGHV3-48,IGHJ4,ARWDY,0.000708583,101
IGHV3-30,IGHJ6,AKERNDYSNYGVFDMDV,0.000687536,98
IGHV3-48,IGHJ4,ASASLDY,0.000666489,95
IGHV4-31,IGHJ4,ARGPLSSTSCYLT,0.000652458,93
IGHV4-4,IGHJ3,ARIFDRDI,0.000631411,90
IGHV2-5,IGHJ5,AHSSYDILTGYTNWFDP,0.000617379,88
IGHV5-10-1,IGHJ5,ARDAYDILTGREYNWFDP,0.000603348,86
IGHV5-10-1,IGHJ5,QKTAYEILTGREYNWFDP,0.000582301,83
IGHV1-24,IGHJ6,TAAGTGYYGMDV,0.00056827,81
IGHV4-61,IGHJ4,ARLQSGWFYFDY,0.000554238,79
IGHV4-30-2,IGHJ5,ARDHLYGDSSWFDP,0.000540207,77
IGHV4-61,IGHJ4,ARLQSGWFYFDY,0.000533191,76
IGHV4-61,IGHJ4,ARLQSGWFYFDY,0.00051916,74
IGHV5-51,IGHJ4,ARPTGYSYGNYFDY,0.000505128,72
IGHV4-61,IGHJ4,ARLQSGWFYFDY,0.000491097,70
IGHV1-24,IGHJ6,ATESLSRSYQLLYPLYYYYGMDV,0.000484081,69
IGHV4-30-2,IGHJ5,ARDHLYGDSSWFDP,0.00047005,67
IGHV4-30-2,IGHJ5,ARDHLYGESSWFDP,0.000463034,66
IGHV4-30-2,IGHJ5,ARDHLYGDSSWFDP,0.000449003,64
IGHV4-30-2,IGHJ5,ARDHLYGDSSWFDP,0.000441987,63
IGHV5-10-1,IGHJ5,AREAYDILTGREYNWFDP,0.000434972,62
IGHV1-69,IGHJ4,ASGRFRDSSSPSDY,0.00042094,60
IGHV1-24,IGHJ4,ATAESDYGDYGGPRIDWGYHY,0.000413925,59
IGHV1-18,IGHJ4,ASAPRAPEWQWLVFDY,0.000406909,58
IGHV4-31,IGHJ4,ARGPLSSTSCYLT,0.000399893,57
IGHV3-7,IGHJ4,,0.000392878,56
IGHV3-7,IGHJ4,ARDAGRSGYDIFDY,0.000385862,55
IGHV3-7,IGHJ4,ARDAGRSGYDIFDY,0.000378846,54
IGHV3-7,IGHJ4,ARDAGRSGYDIFDY,0.000371831,53
IGHV3-7,IGHJ4,ARDAGURSGYDIFYC,0.000364815,52
IGHV3-7,IGHJ4,ARDAGRSGYDIFDY,0.000357799,51
IGHV3-7,IGHJ4,ARDAGRSGYDIFDY,0.000350784,50
IGHV3-7,IGHJ4,ARDAGRSGYDIFDY,0.000343768,49
IGHV3-7,IGHJ4,ARGAGRSGYDIFDY,0.000336752,48
IGHV3-7,IGHJ4,ARDAGRSGYDIFDY,0.000329737,47
IGHV3-7,IGHJ4,ARDAGRSGYDIFDY,0.000322721,46
IGHV3-7,IGHJ4,ARAAGRSGYEIFDY,0.000315705,45
IGHV3-33,IGHJ4,ARDVTYGDYAPVGY,0.000315705,45
IGHV4-38-2,IGHJ4,ARIAVAARLDY,0.00030869,44
IGHV4-59,IGHJ5,AREISPWPENWFDP,0.000301674,43
IGHV4-34,IGHJ4,YK*YCRAHGEYEGYYFDY,0.000294658,42
IGHV3-48,IGHJ6,ASEDTAMAWGDYGMDV,0.000294658,42
IGHV3-7,IGHJ4,ARDAGRSGYDIFDY,0.000287643,41
IGHV1-18,IGHJ4,ARHPYYDILTRRYYFDY,0.000280627,40
IGHV3-7,IGHJ4,TRWIGWTGTTGYGEFDY,0.000280627,40
IGHV5-51,IGHJ4,ARCPRDGSCSLDY,0.000273611,39
IGHV3-23,IGHJ4,AKTRGNWNYFDY,0.000273611,39
IGHV3-23,IGHJ5,AKDRTLDWFDP,0.000266596,38
IGHV3-66,IGHJ4,ARDQYYYGSGTIDY,0.00025958,37
IGHV4-61,IGHJ5,ARGFDP,0.00025958,37
IGHV5-51,IGHJ5,ARTYCGGEICWFDP,0.000252564,36
IGHV5-10-1,IGHJ5,ARDAYDILTGREYKWFDP,0.000252564,36
IGHV3-7,IGHJ4,TRWIGWTGTTGYGEFDY,0.000245549,35
IGHV3-7,IGHJ4,TRWIGWTGTTGYGEFDY,0.000245549,35
IGHV3-7,IGHJ4,TRWIGWTGTTGYGEFDY,0.000238533,34
IGHV3-7,IGHJ4,TRWIGWTGTTGYGEFDY,0.000238533,34
IGHV3-7,IGHJ4,TRWIGWTGTTGYGEFDY,0.000231517,33
IGHV3-7,IGHJ4,TRWIGWTGTTGYGEFDY,0.000231517,33
IGHV1-69,IGHJ4,GRDRPGAEAAAIFHY,0.000224502,32
IGHV4-39,IGHJ4,ARHSSMTTVTFDY,0.000224502,32
IGHV3-33,IGHJ4,ARDGDVSGRYSQFDN,0.000217486,31
IGHV3-33,IGHJ4,ARDGDVSGRYSQFDN,0.000217486,31
IGHV3-33,IGHJ4,ARDGDVSGRYSQFDN,0.000217486,31
IGHV3-33,IGHJ4,ARDGDVSGRYSQFDN,0.00021047,30
IGHV3-33,IGHJ4,ARDGDVSGRYSQFDN,0.00021047,30
IGHV3-33,IGHJ4,ARDGDVSGRYSQFDN,0.000203455,29
IGHV3-33,IGHJ4,ARDGDVSGRYSQFDN,0.000203455,29
IGHV3-15,IGHJ4,TTRPTIVFDY,0.000203455,29
IGHV4-39,IGHJ4,ARHSSMTTVTFDY,0.000196439,28
IGHV4-39,IGHJ4,ARHSSMTTVTFDY,0.000196439,28
IGHV4-4,IGHJ3,ARALYYYGSGSYSPDAFDI,0.000196439,28
IGHV1-46,IGHJ4,ARGPGGDSIDY,0.000189423,27
IGHV3-33,IGHJ4,GCFGEIFAI*Q,0.000189423,27
IGHV4-31,IGHJ4,ARGTTVTTFDY,0.000182407,26
IGHV4-34,IGHJ5,ASHYSSGVR,0.000182407,26
IGHV1-2,IGHJ4,ASGLNTPSTSC,0.000182407,26
IGHV3-23,IGHJ3,ARSSRSWGVFDI,0.000182407,26
IGHV3-30,IGHJ4,AKSPVAGRVDYFDY,0.000175392,25
IGHV4-34,IGHJ4,ARGVGSSGSMYDY,0.000175392,25
IGHV1-8,IGHJ5,ARGQGSTSSSGEYFDP,0.000175392,25
IGHV6-1,IGHJ5,ARGEYYGSGRFYNWFDP,0.000168376,24
IGHV4-34,IGHJ4,ARGVGSSGSMYDY,0.000168376,24
IGHV4-34,IGHJ4,ARGVGSSGSMYDY,0.000168376,24
IGHV4-34,IGHJ4,ARGVGSSGSMYD*,0.000168376,24
IGHV4-34,IGHJ4,ARGVGSSGSMYDY,0.00016136,23
IGHV4-34,IGHJ4,ARGVGSSGSMYDY,0.00016136,23
IGHV4-34,IGHJ4,ARSVGSSGSMYDY,0.00016136,23
IGHV1-8,IGHJ5,ARGGSGYCSSTSCHNWFDP,0.000154345,22
IGHV1-8,IGHJ5,ARGGSGYCSSTSCHNWFDP,0.000154345,22
IGHV1-8,IGHJ5,ARGGSGYCSSTSCHNWFDP,0.000154345,22
IGHV1-8,IGHJ5,,0.000154345,22
IGHV1-8,IGHJ5,ARGGSGYCSSTSCHNWFDP,0.000147329,21
IGHV1-8,IGHJ5,ARGGSGYCSSTSCHNWFDP,0.000147329,21
IGHV1-2,IGHJ4,,0.000147329,21
IGHV1-8,IGHJ5,ARGGSGYCSSTSCHNWFDP,0.000147329,21
IGHV3-23,IGHJ4,AKWGDYDVLTGYYVPDY,0.000147329,21
IGHV3-30,IGHJ1,AKDSGYSSGWPPAEYFQH,0.000140313,20
IGHV4-38-2,IGHJ4,ARIAVAARLDY,0.000140313,20
IGHV3-7,IGHJ6,ARGMGDLEFYNYYGMDV,0.000140313,20
IGHV3-48,IGHJ4,ARWDY,0.000140313,20
IGHV6-1,IGHJ4,AAYYDFWSGYRFDY,0.000140313,20
IGHV3-72,IGHJ6,AREIIGWGVPAAIEGDYYYGMDV,0.000133298,19
IGHV3-7,IGHJ4,AREGTLLPDY,0.000133298,19
IGHV1-46,IGHJ4,ARVGAAAGNDY,0.000133298,19
IGHV4-34,IGHJ4,ARGVGSSGSMYDY,0.000133298,19
IGHV1-8,IGHJ5,ARGGSGYCSSTSCHNWFDP,0.000133298,19
IGHV5-10-1,IGHJ5,ARQDSSGW,0.000126282,18
IGHV6-1,IGHJ4,AAYYDFWSGYRFDY,0.000126282,18
IGHV6-1,IGHJ4,AAYYDFWSGYRFDY,0.000126282,18
IGHV6-1,IGHJ4,AAYYDFWSGYRFDY,0.000126282,18
IGHV6-1,IGHJ4,AAYYDFWSGYRFDY,0.000126282,18
IGHV6-1,IGHJ4,AAYYDFWSGYRFDY,0.000126282,18
IGHV4-30-4,IGHJ5,AREWVT,0.000119266,17
IGHV6-1,IGHJ4,AAYYDFWSGYRFDY,0.000119266,17
IGHV3-21,IGHJ5,ARGHSSGWYDPGH,0.000119266,17
IGHV6-1,IGHJ4,AAYYDFWSGYRFDY,0.000119266,17
IGHV4-59,IGHJ4,ARGHSGTFDY,0.000119266,17
IGHV3-30,IGHJ4,AKDRGSWNDLSGYYFDY,0.000119266,17
IGHV6-1,IGHJ5,ARGDYYGSGRFYNWFDP,0.000112251,16
IGHV4-39,IGHJ4,ARHSSMTTVTFDY,0.000112251,16
IGHV4-39,IGHJ4,ARHSSMTTVTFDY,0.000112251,16
IGHV4-39,IGHJ4,ARHSSMTTVTFDY,0.000112251,16
IGHV4-39,IGHJ4,ARHSSMTTVTLT,0.000112251,16
IGHV4-39,IGHJ4,AIHSSMTTVTFDY,0.000112251,16
IGHV3-33,IGHJ4,ARVEGYSYGPVRY,0.000112251,16
IGHV3-23,IGHJ3,AKGGPSGYDRLGGACDN,0.000105235,15
IGHV6-1,IGHJ4,AAYYAFWSGYRFDY,0.000105235,15
IGHV1-46,IGHJ4,ARGEGSSGCLVDY,0.000105235,15
IGHV1-3,IGHJ4,AIVPAAIF,0.000105235,15
IGHV3-7,IGHJ4,ARDGRRSGYYLDFDY,0.000105235,15
IGHV3-7,IGHJ4,ARDGRRSGYYLDFDY,0.000105235,15
IGHV3-7,IGHJ4,ARDGRRSGYYLDFDY,0.000105235,15
IGHV6-1,IGHJ4,AAYYDFWSGY*FDY,9.82E-05,14
IGHV6-1,IGHJ5,ARGEYYGSGRFYNWFDP,9.82E-05,14
IGHV3-7,IGHJ4,ARDGRRSGYYLDFDY,9.82E-05,14
IGHV4-4,IGHJ5,AAIYGDYVFDP,9.82E-05,14
IGHV3-48,IGHJ4,ARWDY,9.82E-05,14
IGHV1-8,IGHJ5,ARGGSGYCSSTSCHNWFDP,9.82E-05,14
IGHV6-1,IGHJ4,AAYYDFWSGYRFDY,9.82E-05,14
IGHV4-59,IGHJ3,ARSVHYYYDSASYGVAFDV,9.82E-05,14
IGHV3-48,IGHJ4,VRWDY,9.82E-05,14
IGHV3-48,IGHJ4,ARWDY,9.12E-05,13
IGHV3-30,IGHJ3,ATAGDDALDI,9.12E-05,13
IGHV3-48,IGHJ4,ARWDY,9.12E-05,13
IGHV3-48,IGHJ4,ARWDY,9.12E-05,13
IGHV3-48,IGHJ4,ARWDY,9.12E-05,13
IGHV3-48,IGHJ4,ARWDY,9.12E-05,13
IGHV3-48,IGHJ4,ARWDY,9.12E-05,13
IGHV3-48,IGHJ4,ARWDY,9.12E-05,13
IGHV3-48,IGHJ4,ARWDY,9.12E-05,13
IGHV3-30,IGHJ6,AKERNDYSNYGVFDMDV,9.12E-05,13
IGHV3-21,IGHJ4,ARDERIAVAGMALSGPGYFDY,8.42E-05,12
IGHV3-21,IGHJ4,ARDERIAVAGMALSGPGYFDS,8.42E-05,12
IGHV3-21,IGHJ4,ARDERIAVAGMALSGPGYFDY,8.42E-05,12
IGHV3-21,IGHJ4,ARDERIAVAGMALSGPGYFDY,8.42E-05,12
IGHV3-21,IGHJ4,ARDERIAVAGMALSGPGYFDY,8.42E-05,12
IGHV4-30-4,IGHJ5,ARGMVRGKNPCPV,8.42E-05,12
IGHV3-9,IGHJ5,AKGRDKYQLLSKNWFDP,8.42E-05,12
IGHV3-21,IGHJ4,ARDERIAVAGMALSGPGYFDY,8.42E-05,12
IGHV4-30-4,IGHJ4,,8.42E-05,12
IGHV3-7,IGHJ4,AREGILLPDY,8.42E-05,12
IGHV3-7,IGHJ4,AREGTLLPDY,8.42E-05,12
IGHV3-7,IGHJ4,AREGTLLPDY,7.72E-05,11
IGHV3-7,IGHJ4,AREGTLLPDY,7.72E-05,11
IGHV3-7,IGHJ4,AREGTLLPDY,7.72E-05,11
IGHV3-7,IGHJ4,AREGTLLPDY,7.72E-05,11
IGHV3-21,IGHJ4,ARDERIAVAGMALSGPGYFDY,7.72E-05,11
IGHV6-1,IGHJ4,ARAGAYYYDSSGYYSFDY,7.72E-05,11
IGHV3-23,IGHJ5,AKDRWSSTSMRWFDP,7.72E-05,11
IGHV3-30,IGHJ4,AKDRAGSWAIDY,7.72E-05,11
IGHV3-9,IGHJ6,AKGVVVVAGAIYYGMDV,7.72E-05,11
IGHV3-23,IGHJ5,AKAGPSVYSSGYCDR,7.72E-05,11
IGHV3-7,IGHJ6,ARDDGGKPYRLDV,7.72E-05,11
IGHV3-23,IGHJ4,VQWGDYDVLTGYYVPDY,7.72E-05,11
IGHV4-38-2,IGHJ4,ARIAVAARLDY,7.72E-05,11
IGHV1-2,IGHJ4,ARFLWRAGGFDY,7.02E-05,10
IGHV3-7,IGHJ4,ARESRIQLWLEVDPPFDY,7.02E-05,10
IGHV3-30,IGHJ6,AKDNGGYQSYYYYYGMDV,7.02E-05,10
IGHV3-7,IGHJ4,ARDAGRSGYDIFDY,7.02E-05,10
IGHV4-59,IGHJ3,ARDDYGDYFAFDI,7.02E-05,10
IGHV3-23,IGHJ4,AKDQASRPDY,7.02E-05,10
IGHV4-34,IGHJ4,ARGVGSSGYMYDY,7.02E-05,10
IGHV3-23,IGHJ4,VQWGDYDVLTGYYVPDY,7.02E-05,10
IGHV4-38-2,IGHJ4,ARIAVAARLDY,7.02E-05,10
IGHV3-23,IGHJ4,VQWGDYDVLTGYYVPDY,7.02E-05,10
IGHV4-38-2,IGHJ4,ARIAVAARLDY,7.02E-05,10
IGHV3-23,IGHJ4,VQWGDYDVLTGYYVPDY,7.02E-05,10
IGHV3-23,IGHJ4,VQWGDYDVLTGYYVPDY,7.02E-05,10
IGHV4-38-2,IGHJ4,ARIAVAARLDY,7.02E-05,10
IGHV4-38-2,IGHJ4,ARIAVAARLDY,6.31E-05,9
IGHV4-38-2,IGHJ4,ARIAVAARLDY,6.31E-05,9
IGHV4-38-2,IGHJ4,ARIAVAARLDY,6.31E-05,9
IGHV4-38-2,IGHJ4,ARIAVAARLDY,6.31E-05,9
IGHV3-9,IGHJ3,ATECGLDWSYAFDI,6.31E-05,9
IGHV3-30,IGHJ4,ANGFPIVVVPAAIGPANPFDY,6.31E-05,9
IGHV3-72,IGHJ4,ARRYCIGGNCRYSDY,6.31E-05,9
IGHV5-51,IGHJ4,ARLYGSGRLFDY,6.31E-05,9
IGHV4-59,IGHJ4,ARDRSGAHQRYFDY,6.31E-05,9
IGHV3-7,IGHJ4,ARVQSYGDYRY,6.31E-05,9
IGHV3-48,IGHJ4,ARMAGYSSGWLAFDY,6.31E-05,9
IGHV3-23,IGHJ6,AKDYCSSTSCVSSPRGDV,6.31E-05,9
IGHV1-69,IGHJ5,ARDMTDSRVAWFDP,6.31E-05,9
IGHV3-23,IGHJ5,AKYRTLDWFDP,6.31E-05,9
IGHV3-23,IGHJ5,AKDRTLDWFDP,6.31E-05,9
IGHV3-23,IGHJ5,AKDRTLDWFDP,6.31E-05,9
IGHV3-49,IGHJ6,SRGPTQQWLYSGTDV,6.31E-05,9
IGHV1-18,IGHJ4,ARHPYYDILTRRYYFDD,6.31E-05,9
IGHV3-30,IGHJ4,AKDRGSWNDLSGYYFDY,5.61E-05,8
IGHV3-30,IGHJ4,AKDRGSWNDLSGYYFDY,5.61E-05,8
IGHV1-2,IGHJ5,SRRAVDSGSYYDNWFDL,5.61E-05,8
IGHV3-48,IGHJ4,ASGYDLPY,5.61E-05,8
IGHV3-48,IGHJ6,ASEDTAMAWGDYGMDV,5.61E-05,8
IGHV4-4,IGHJ2,ARDLYIVVVPAGYWYFDL,5.61E-05,8
IGHV1-18,IGHJ4,ARHPYYDILTRRYYFDY,5.61E-05,8
IGHV3-23,IGHJ5,AKDRTLDWFDP,5.61E-05,8
IGHV1-18,IGHJ4,ARHSYYDILTRRYYFDY,5.61E-05,8
IGHV1-18,IGHJ4,ARHPYYDILTRRYYFDY,5.61E-05,8
IGHV1-18,IGHJ4,ARHPYYDILTRRYYFDY,5.61E-05,8
IGHV1-18,IGHJ4,ARHPYYDILTRRYDFDY,5.61E-05,8
IGHV1-18,IGHJ4,ARHPYYDILTRRYYFDY,5.61E-05,8
IGHV1-18,IGHJ4,ARHPYYDILTRRYYFDY,5.61E-05,8
IGHV4-4,IGHJ5,AAIYGDYVFDP,5.61E-05,8
IGHV4-4,IGHJ5,AAIYGDYVFDP,5.61E-05,8
IGHV4-4,IGHJ5,YLYQW*LQLRP,5.61E-05,8
IGHV4-4,IGHJ5,AAIYGDYVFDP,5.61E-05,8
IGHV4-4,IGHJ5,AAIYGDYVFDP,5.61E-05,8
IGHV4-4,IGHJ5,AAIYGDYVFDP,5.61E-05,8
IGHV4-4,IGHJ5,AAIYGDYVFDP,5.61E-05,8
IGHV3-48,IGHJ6,ASGDTAMAWGDYGMDV,4.91E-05,7
IGHV3-21,IGHJ4,ARTMVRQPFDY,4.91E-05,7
IGHV3-23,IGHJ5,AKDRTLDWFDP,4.91E-05,7
IGHV3-30-3,IGHJ6,ARFGYYYDSSGYPGGYGMDV,4.91E-05,7
IGHV4-30-2,IGHJ4,ARGVDGDYVAYYFDY,4.91E-05,7
IGHV3-15,IGHJ4,TPERWFKFDF,4.91E-05,7
IGHV1-46,IGHJ4,ARGTYSSSWYRFDY,4.91E-05,7
IGHV4-30-2,IGHJ5,ARDHLYGDSSWFDP,4.91E-05,7
IGHV5-51,IGHJ4,ARPTGYSYGNYFDY,4.91E-05,7
IGHV4-59,IGHJ4,ARDRSGAHQRYFDY,4.91E-05,7
IGHV3-7,IGHJ4,AREGTLLPDY,4.91E-05,7
IGHV1-18,IGHJ6,ARDTDTAMAHYYYGMDV,4.91E-05,7
IGHV3-53,IGHJ3,AGLPVVTAVTGAFHI,4.91E-05,7
IGHV5-51,IGHJ4,ARPTGYSYGNYFDY,4.91E-05,7
IGHV5-51,IGHJ4,ARPTGYSYGNYFDY,4.91E-05,7
IGHV4-59,IGHJ4,CLSHWRHPLQSLPQRRGHGRVYLCARP*WCSSTIL*L,4.91E-05,7
IGHV4-59,IGHJ4,ARDRSGAHQRYFDY,4.91E-05,7
IGHV4-59,IGHJ4,ARDRSGAHQRYFDY,4.91E-05,7
IGHV4-59,IGHJ4,ARDRSGAHQRYFDY,4.91E-05,7
IGHV4-59,IGHJ4,ARDRSGAHQRYFDY,4.91E-05,7
IGHV3-9,IGHJ4,AKDISPLYSSSWYGGFDY,4.91E-05,7
IGHV3-15,IGHJ4,TPERWFKFDF,4.91E-05,7
IGHV3-15,IGHJ4,TPERWFKFDF,4.91E-05,7
IGHV3-23,IGHJ4,VQWGDYDVLTGYYVPDY,4.91E-05,7
IGHV4-59,IGHJ4,ARSKDGYGYDYFDY,4.91E-05,7
IGHV3-23,IGHJ3,ASSYDFWSAYDF,4.91E-05,7
IGHV3-33,IGHJ3,VRSTAAALNNIFDM,4.91E-05,7
IGHV3-23,IGHJ6,AKGEEGSTSLYGMDV,4.21E-05,6
IGHV3-23,IGHJ4,AKLWFGELSAFDY,4.21E-05,6
IGHV1-24,IGHJ6,ATESLSRSYQLLYPLYYYYGMDV,4.21E-05,6
IGHV4-34,IGHJ2,ARGLPGARYFDL,4.21E-05,6
IGHV3-21,IGHJ4,ARLARLTGYLY,4.21E-05,6
IGHV4-39,IGHJ4,ARLRGYSYGWKTLYYFDY,4.21E-05,6
IGHV3-23,IGHJ6,AKGEEGSTSLYGMDV,4.21E-05,6
IGHV1-69,IGHJ4,AREVEDFWSGSTGPFRY,4.21E-05,6
IGHV3-7,IGHJ4,AGGSGWLIDY,4.21E-05,6
IGHV4-59,IGHJ5,ARDLGSRYSNWFDP,4.21E-05,6
IGHV3-74,IGHJ4,ARDGPAYH,4.21E-05,6
IGHV3-7,IGHJ6,ARRLAAAATGLTYYYGMDV,4.21E-05,6
IGHV3-7,IGHJ6,ARRLAAAATGLTYYYGMDV,4.21E-05,6
IGHV3-7,IGHJ6,ARRLAAAATGLTYFYGIDV,4.21E-05,6
IGHV3-7,IGHJ6,ARRLAAAATGLTYYYGMDV,4.21E-05,6
IGHV3-21,IGHJ6,ASHIVVVTAIRYYAMDV,4.21E-05,6
IGHV3-7,IGHJ6,ARRLAAAATGLTYYYGMDV,4.21E-05,6
IGHV3-53,IGHJ4,ARVADYYVSGHFDY,4.21E-05,6
IGHV3-7,IGHJ6,ARRLAAAATGLTYYYGMDV,4.21E-05,6
IGHV5-10-1,IGHJ5,ARGEGQWAVL,4.21E-05,6
IGHV3-33,IGHJ6,ARDGLEYDILTGYYARYYYGVDV,4.21E-05,6
IGHV3-53,IGHJ6,ARGRGGLYGMDV,4.21E-05,6
IGHV3-7,IGHJ6,ARRLAAAATGLTYYYGMDV,4.21E-05,6
IGHV1-69,IGHJ4,ARVVTMVGHFDY,4.21E-05,6
IGHV3-23,IGHJ4,DIVVAASLGGGRDY,4.21E-05,6
IGHV3-23,IGHJ6,AKGEEGSTSLYGMDV,4.21E-05,6
IGHV4-4,IGHJ3,ARASTTVWAFDI,4.21E-05,6
IGHV1-69,IGHJ5,ARDHDDFWSGYWRRSTALGP,4.21E-05,6
IGHV3-30,IGHJ4,AIGLVRGNFDY,4.21E-05,6
IGHV3-7,IGHJ4,ARGRSGSYVLGFDY,4.21E-05,6
IGHV3-33,IGHJ4,*WK**ILCESEQQLVHLLSL,4.21E-05,6
IGHV3-33,IGHJ4,ARASSSWYNYFDY,4.21E-05,6
IGHV1-2,IGHJ5,ARDFIVVVPAGFDP,4.21E-05,6
IGHV3-11,IGHJ3,QLPSQ,4.21E-05,6
IGHV3-30-3,IGHJ3,AVGLTI,3.51E-05,5
IGHV3-64D,IGHJ4,VKDCSYYYGSGSPLDY,3.51E-05,5
IGHV3-30-3,IGHJ3,AVGLTI,3.51E-05,5
IGHV3-30-3,IGHJ3,AVGLTI,3.51E-05,5
IGHV3-30-3,IGHJ3,AVGLTI,3.51E-05,5
IGHV3-30-3,IGHJ3,AVGFTI,3.51E-05,5
IGHV3-30-3,IGHJ3,AGGLTM,3.51E-05,5
IGHV3-9,IGHJ5,,3.51E-05,5
IGHV1-3,IGHJ5,ARDRVKLLWFGELSGVGWFDP,3.51E-05,5
IGHV1-8,IGHJ6,ARPRFIPYYYGMDV,3.51E-05,5
IGHV1-8,IGHJ4,ARGTGHSGWKFDY,3.51E-05,5
IGHV3-33,IGHJ4,ARDGEVSGIYSQVGI,3.51E-05,5
IGHV5-10-1,IGHJ5,ARLPGYCSSTSCSLDNP,3.51E-05,5
IGHV5-10-1,IGHJ5,ARLPGYCSSTSCSLDNP,3.51E-05,5
IGHV1-3,IGHJ4,ARSSSGTYHY,3.51E-05,5
IGHV4-34,IGHJ4,ARGVGSSGSMYDY,3.51E-05,5
IGHV5-10-1,IGHJ6,ARRNVGADYYYYGMDV,3.51E-05,5
IGHV3-30,IGHJ6,AKDLVAAAGNYYYYGMDV,3.51E-05,5
IGHV3-30-3,IGHJ4,ARDAGGSTVTTSDFDY,3.51E-05,5
IGHV1-18,IGHJ4,ARRGVATTFDY,3.51E-05,5
IGHV1-18,IGHJ4,ARRGVATTFDY,3.51E-05,5
IGHV1-18,IGHJ4,ARRGVATTFDD,3.51E-05,5
IGHV1-18,IGHJ4,ARRGVATTFDY,3.51E-05,5
IGHV1-18,IGHJ4,ARRGVATTFDY,3.51E-05,5
IGHV1-18,IGHJ4,ARRGVATTFDY,3.51E-05,5
IGHV1-18,IGHJ4,ARRGVATTFDY,3.51E-05,5
IGHV1-18,IGHJ4,ARRGVATTFDY,3.51E-05,5
IGHV1-18,IGHJ4,ARRGVATTFDY,3.51E-05,5
IGHV5-10-1,IGHJ5,ARLPGYCSSTSCSLDNP,3.51E-05,5
IGHV3-64D,IGHJ4,VKEDVGSYFDY,3.51E-05,5
IGHV3-21,IGHJ5,ARGHSSGWYDPGH,3.51E-05,5
IGHV1-69,IGHJ4,ARDMGIIAAAAAFDY,3.51E-05,5
IGHV1-8,IGHJ4,G*IAGRKSFGL,3.51E-05,5
IGHV5-10-1,IGHJ6,SIRNVGADYYYYGMDVWGKVTTVTVSSECASAPTSLPVLDPESVGRRHVLLCETERGG*LLLLRYGR,3.51E-05,5
IGHV3-73,IGHJ3,TRNIAVAGRGQWAFDI,3.51E-05,5
IGHV3-30,IGHJ6,AKDLVAAAGNYYYYGMDV,3.51E-05,5
IGHV3-9,IGHJ3,AKGGAPAQLWFGPAFDI,3.51E-05,5
IGHV5-10-1,IGHJ6,ARRNVGADYYYYGMDV,3.51E-05,5
IGHV3-20,IGHJ2,AREGSSGWRYYWYFDL,3.51E-05,5
IGHV4-31,IGHJ4,ARRYSGYEYFDY,3.51E-05,5
IGHV3-30,IGHJ6,DQRATTTTTVWT,3.51E-05,5
IGHV5-10-1,IGHJ6,ARRNVGADYYYYGMDV,3.51E-05,5
IGHV5-10-1,IGHJ6,ARRNVGADYYYYGMDV,3.51E-05,5
IGHV5-10-1,IGHJ6,ARRNVGADYYYYGMDV,3.51E-05,5
IGHV5-10-1,IGHJ6,ARRNVGADYYYYGMDV,3.51E-05,5
IGHV5-10-1,IGHJ6,ARRNVGADYYYYGMDV,3.51E-05,5
IGHV5-10-1,IGHJ6,ARRNVGADYYYYGMDV,2.81E-05,4
IGHV5-10-1,IGHJ6,ARRNAGADYYYYGMDV,2.81E-05,4
IGHV5-10-1,IGHJ6,ARRNVGADYYYYGMDV,2.81E-05,4
IGHV5-10-1,IGHJ6,ARRNVGADYYYYGMDV,2.81E-05,4
IGHV5-10-1,IGHJ6,ARRNVGAD*YYYGMDL,2.81E-05,4
IGHV5-10-1,IGHJ6,ARRNVGADYYYYGMDV,2.81E-05,4
IGHV5-10-1,IGHJ6,ARRNVGADYYYYGMDV,2.81E-05,4
IGHV6-1,IGHJ5,ARGIIAVTGTGKLGFDP,2.81E-05,4
IGHV5-10-1,IGHJ6,MSRKVGADYYYYGMDV,2.81E-05,4
IGHV5-10-1,IGHJ6,ARRNVGAEYYYYGMDV,2.81E-05,4
IGHV4-59,IGHJ6,AKEMLFSYYYYGMHV,2.81E-05,4
IGHV3-30,IGHJ6,AKDHVAAAGNYYYYGMDV,2.81E-05,4
IGHV3-30,IGHJ6,AKDLVAAAGNYYYYGMDV,2.81E-05,4
IGHV3-30,IGHJ6,AKDLVAAAGNYYYYGMDV,2.81E-05,4
IGHV3-30,IGHJ6,AKDLVAAAGNYYYYGMDV,2.81E-05,4
IGHV3-9,IGHJ3,AKGGAPAQLWFGPAFDI,2.81E-05,4
IGHV3-9,IGHJ3,AKGGAPAQLWFGPAFDI,2.81E-05,4
IGHV3-9,IGHJ3,AKGGAPAQLWFGPAFDI,2.81E-05,4
IGHV3-9,IGHJ3,AKGGAPAQLWLGPAFDI,2.81E-05,4
IGHV3-9,IGHJ3,AKGGAPAQLWFGPAFDI,2.81E-05,4
IGHV3-9,IGHJ3,AKGGAPAQLWFGPAFDI,2.81E-05,4
IGHV3-9,IGHJ3,AKGGAPAQLWFGPAFDI,2.81E-05,4
IGHV3-9,IGHJ3,AKGGAPAQLRFGPAFDI,2.81E-05,4
IGHV3-9,IGHJ4,AKATSRWYDSSGYFDY,2.81E-05,4
IGHV5-10-1,IGHJ6,ARRNVGADYYYYGMDV,2.81E-05,4
IGHV1-8,IGHJ4,ARGRSYFDY,2.81E-05,4
IGHV4-61,IGHJ4,ARDVYDSSGYYLDY,2.81E-05,4
IGHV3-74,IGHJ6,SAIHVNYVLDRKSVKMGKSLDLRRLLFRSCRLVPVQHPLLELVLSGLHSIRLLREG*GQED,2.81E-05,4
IGHV4-61,IGHJ4,ARDVYDSSGYYLDY,2.81E-05,4
IGHV4-61,IGHJ4,ARDVYNSSGYYLDY,2.81E-05,4
IGHV4-61,IGHJ4,ARDVYDSSGYYLDY,2.81E-05,4
IGHV4-61,IGHJ4,ARDVYDSSGYYLDY,2.81E-05,4
IGHV1-3,IGHJ4,ARGIWTATSVQYYLDY,2.81E-05,4
IGHV3-23,IGHJ4,AKWGDYDGLTGYYDSDC,2.81E-05,4
IGHV3-7,IGHJ4,ARASRYYYGSGRD*,2.81E-05,4
IGHV1-3,IGHJ4,ARGIWTATSVQYYLDY,2.81E-05,4
IGHV1-3,IGHJ4,ARGIWTATSVQYYLDY,2.81E-05,4
IGHV1-3,IGHJ4,ARGMWTATSVQYYLDY,2.81E-05,4
IGHV1-3,IGHJ4,ARGIWTATSVQYYLDY,2.81E-05,4
IGHV1-3,IGHJ4,ARGIWTATSVQYYLDY,2.81E-05,4
IGHV1-3,IGHJ4,ARGIWTATSVQYYLDY,2.81E-05,4
IGHV1-3,IGHJ4,ARGIWTATSVQYYLDY,2.81E-05,4
IGHV3-11,IGHJ4,ARDRLEMAFDY,2.81E-05,4
IGHV1-3,IGHJ4,ARGISTATSVKYYLDY,2.81E-05,4
IGHV1-69,IGHJ4,ARDQAKGEWLRNFDY,2.81E-05,4
IGHV4-59,IGHJ6,AGRSSSTSYYGMDV,2.81E-05,4
IGHV5-51,IGHJ4,ASQVYCSRTSCSDH,2.81E-05,4
IGHV3-74,IGHJ4,ARDGPAYH,2.81E-05,4
IGHV3-23,IGHJ4,TKFRGVSWDLLAFDY,2.81E-05,4
IGHV3-7,IGHJ4,ASTGTFDY,2.81E-05,4
IGHV3-74,IGHJ4,ARDGPAYH,2.81E-05,4
IGHV3-74,IGHJ4,ARDGPAYH,2.81E-05,4
IGHV3-74,IGHJ4,ARDGPAYH,2.81E-05,4
IGHV3-74,IGHJ4,ARDGPAYH,2.81E-05,4
IGHV3-74,IGHJ4,ARDGPAYH,2.81E-05,4
IGHV3-74,IGHJ4,ARDGPAYH,2.81E-05,4
IGHV3-74,IGHJ4,ARDGSAYH,2.81E-05,4
IGHV1-69,IGHJ4,ARDQAKGEWLRNFDY,2.81E-05,4
IGHV3-73,IGHJ4,RAAADLNDY,2.81E-05,4
IGHV3-7,IGHJ4,TRWIGWTGTTGYGEFDY,2.81E-05,4
IGHV1-2,IGHJ4,ARLAVADYDY,2.81E-05,4
IGHV1-69,IGHJ6,AREMATISRTDHYYYYAMDV,2.81E-05,4
IGHV5-10-1,IGHJ6,ARRNVGADYYYYGMDV,2.81E-05,4
IGHV3-33,IGHJ4,ARMGELIDY,2.81E-05,4
IGHV3-74,IGHJ4,ARSPNTGWYEDY,2.81E-05,4
IGHV4-61,IGHJ4,ARDVYDSSGYYLDY,2.81E-05,4
IGHV5-51,IGHJ4,ARGAPIFYYFES,2.81E-05,4
IGHV1-69,IGHJ4,ARAGDGSGREWFDY,2.10E-05,3
IGHV1-3,IGHJ4,AREIWTATSVQYYLDY,2.10E-05,3
IGHV1-69,IGHJ4,ARDQAKGEWLRNFDY,2.10E-05,3
IGHV1-69,IGHJ4,ARDQAKGEWLRNFDY,2.10E-05,3
IGHV1-69,IGHJ4,ARDQAKGEWLRNFDY,2.10E-05,3
IGHV4-30-2,IGHJ4,ARFSYGDGFDY,2.10E-05,3
IGHV1-69,IGHJ4,ARDQAKGEWLRNFDY,2.10E-05,3
IGHV3-9,IGHJ4,AKCDNYDILTGHFDY,2.10E-05,3
IGHV4-34,IGHJ6,ARRYCSGGSCYMRGYYGMDV,2.10E-05,3
IGHV1-46,IGHJ4,ATPEFYDSSGYYY,2.10E-05,3
IGHV1-46,IGHJ5,,2.10E-05,3
IGHV1-46,IGHJ4,ATPEFYDSSGYYY,2.10E-05,3
IGHV1-46,IGHJ4,ATPEFYDSSGYYY,2.10E-05,3
IGHV4-31,IGHJ4,ARGPLSSTSCYLT,2.10E-05,3
IGHV1-46,IGHJ4,ATPEFYDSSGYYY,2.10E-05,3
IGHV4-34,IGHJ6,NQSQWKHQRTRDYTSVREDIVVVEVAICGVTTVWT,2.10E-05,3
IGHV3-23,IGHJ3,AKPRGVLLWFGELYNDAFDI,2.10E-05,3
IGHV3-74,IGHJ6,EMTAPYYYGMDV,2.10E-05,3
IGHV3-74,IGHJ6,EMTAPYYYGMDV,2.10E-05,3
IGHV4-34,IGHJ6,ARRYCSGGSCYMRGYYGMDV,2.10E-05,3
IGHV4-34,IGHJ6,AGRYCSGGSCYMRGYYGMDV,2.10E-05,3
IGHV4-34,IGHJ6,ARRYCSGGSCYMRGYYGMDV,2.10E-05,3
IGHV4-34,IGHJ6,ARRYCSGGSCYMRGYYGMDV,2.10E-05,3
IGHV4-34,IGHJ6,ARRYCSGGSCYMRGYYGMDV,2.10E-05,3
IGHV4-34,IGHJ6,ARRYCSGGSCYMRGYYGMDV,2.10E-05,3
IGHV1-24,IGHJ6,ATESLSRSYQLLYPLYYYYGMDV,2.10E-05,3
IGHV1-46,IGHJ4,ARGGIVVVPAAMPPGY,2.10E-05,3
IGHV4-59,IGHJ5,TMAAIPTNWFDP,2.10E-05,3
IGHV3-11,IGHJ4,AREPFYGSGSYHSHFDY,2.10E-05,3
IGHV4-59,IGHJ4,ARGDMTNGVYFDY,2.10E-05,3
IGHV4-59,IGHJ5,TMAAIPTNWFDP,2.10E-05,3
IGHV4-59,IGHJ5,TMAAIPTNWFDP,2.10E-05,3
IGHV4-59,IGHJ5,TMAAIPTNWFDP,2.10E-05,3
IGHV4-59,IGHJ5,TMAAIPTNWFDP,2.10E-05,3
IGHV4-59,IGHJ5,TMAAIPTNWFDP,2.10E-05,3
IGHV1-8,IGHJ6,ARAYWGYYYYYGMDV,2.10E-05,3
IGHV3-30,IGHJ6,AKVLGDCSSTSCSWGWYYYGMDV,2.10E-05,3
IGHV3-23,IGHJ1,VLSPLHDFHY,2.10E-05,3
IGHV2-5,IGHJ4,AHRPTYYDILTGYYNGYYFDY,2.10E-05,3
IGHV4-34,IGHJ6,ARRYCSGGSCYMRGYYGMDV,2.10E-05,3
IGHV4-59,IGHJ5,TMAAIPTNWFDP,2.10E-05,3
IGHV2-5,IGHJ5,AHRRE*DILTGYYNWFDP,2.10E-05,3
IGHV4-38-2,IGHJ4,ASGYLDGWGTFDY,2.10E-05,3
IGHV3-11,IGHJ4,ARASGLGPGAYFDY,2.10E-05,3
IGHV3-30,IGHJ4,AKDEYQLLWGFDY,2.10E-05,3
IGHV4-30-4,IGHJ4,ARGKVWGIVLTGYSLFDY,2.10E-05,3
IGHV3-48,IGHJ6,AREGQQLATWYYGMDV,2.10E-05,3
IGHV3-30,IGHJ4,AKDKGSRYCSGDSCFTGGYLDY,2.10E-05,3
IGHV3-23,IGHJ4,AKVAGYCSSTSCAKYRYYFDY,2.10E-05,3
IGHV3-23,IGHJ4,AKVAEYCSSTSCAKYRYYFDY,2.10E-05,3
IGHV3-23,IGHJ4,AKVAGYCSSTSCAKYRYYFDY,2.10E-05,3
IGHV3-23,IGHJ4,AKVAGYCSSTSCAKYRYYFDY,2.10E-05,3
IGHV3-23,IGHJ4,AKVAGYCSSTSCAKYRYYFDY,2.10E-05,3
IGHV1-46,IGHJ4,ARDQEGFDY,2.10E-05,3
IGHV3-23,IGHJ4,AKERGYSGYDFDY,2.10E-05,3
IGHV3-9,IGHJ5,,2.10E-05,3
IGHV3-9,IGHJ4,,2.10E-05,3
IGHV3-9,IGHJ4,,2.10E-05,3
IGHV3-9,IGHJ4,AKCDNYDILTGHFDY,2.10E-05,3
IGHV3-11,IGHJ4,ATSSGWYTYYFDY,2.10E-05,3
IGHV3-9,IGHJ4,AKCDNYDILTGHFDY,2.10E-05,3
IGHV1-46,IGHJ4,ATPEFYDSSGYYY,2.10E-05,3
IGHV3-7,IGHJ4,ARFRAGSARFDH,2.10E-05,3
IGHV1-2,IGHJ5,ARGRGGTVTTNLNWFDP,2.10E-05,3
IGHV3-23,IGHJ3,AKPRGVLLWFGELYNDAFDI,2.10E-05,3
IGHV3-48,IGHJ3,,2.10E-05,3
IGHV3-23,IGHJ3,AKPRGVLLWFGELYNDAFDI,2.10E-05,3
IGHV3-23,IGHJ3,AKPRGVLLWFGELYNDAFDI,2.10E-05,3
IGKV3-20,IGKJ3,AKPRGVLLWFGELYNDAFDI,2.10E-05,3
IGHV3-53,IGHJ4,ARVADYYVSGHFDY,2.10E-05,3
IGHV3-53,IGHJ4,ARVADYYVSGHFDY,2.10E-05,3
IGHV3-53,IGHJ5,,2.10E-05,3
IGHV3-53,IGHJ4,ARVADYYVSGHFDY,2.10E-05,3
IGHV3-53,IGHJ4,ARVADYYVSGHFDY,2.10E-05,3
IGKV3-20,IGHJ4,AKCDNYDILTGHFDY,2.10E-05,3
IGHV3-33,IGHJ4,ARGFAAPAAMYFDY,2.10E-05,3
IGHV3-23,IGHJ3,SKPGGV*LWCGELYNDACDI,2.10E-05,3
IGHV3-30,IGHJ4,ASFNRNWNGDY,2.10E-05,3
IGHV4-34,IGHJ4,ARGVGSSGYMYDY,2.10E-05,3
IGHV3-21,IGHJ4,ARDLDTAMGLDY,2.10E-05,3
IGHV3-23,IGHJ3,AKPRGVLLWFGELYNDAFDI,2.10E-05,3
IGHV1-18,IGHJ5,ARDLGDRLLEWLFRPNWFDP,2.10E-05,3
IGHV3-23,IGHJ1,VLSPLHDFHY,2.10E-05,3
IGKV3-20,IGKJ3,AKPRGVLLWFGELYNDAFDI,2.10E-05,3
IGHV1-2,IGHJ4,ARGRAQNEDQWLLQGY,2.10E-05,3
IGHV3-7,IGHJ4,AREEGYCSAGRCYCFDY,2.10E-05,3
IGHV3-66,IGHJ4,ARNPSYSSSLY,2.10E-05,3
IGHV3-23,IGHJ3,AKPRGVLLWCGELYNDAFDI,2.10E-05,3
IGHV4-59,IGHJ5,ARTGQWLATNWFDP,2.10E-05,3
IGHV3-53,IGHJ4,ARVADYYVSGHFDY,2.10E-05,3
IGHV1-8,IGHJ5,ARGGSGYCSSTSCHNWFDP,2.10E-05,3
IGHV3-11,IGHJ4,ARLVDYYGSGSLYYFDY,2.10E-05,3
IGHV4-34,IGHJ6,ARRYCSGGSCYMRGYYGMDV,2.10E-05,3
IGHV5-51,IGHJ4,ARRQTGDWGGFDY,2.10E-05,3
IGHV5-51,IGHJ4,ARRQTGDWGGFDY,2.10E-05,3
IGHV5-51,IGHJ4,ARRQTGDWGGFDY,2.10E-05,3
IGHV3-23,IGHJ4,AAQYSSGWHHPPY,2.10E-05,3
IGHV5-51,IGHJ5,ARRVAAAGTHWFDP,2.10E-05,3
IGHV3-48,IGHJ4,ARARAEGVNSGSYYRYYFDY,2.10E-05,3
IGHV5-51,IGHJ4,ARRQTGDWGGFDY,2.10E-05,3
IGHV3-21,IGHJ5,AIEPRSSSWYHRANWFDP,2.10E-05,3
IGHV3-7,IGHJ4,ARGRSGNYVLGFDY,2.10E-05,3
IGHV3-7,IGHJ6,ARVRYYEDV,2.10E-05,3
IGHV6-1,IGHJ4,AKGGGSLDY,2.10E-05,3
IGHV6-1,IGHJ4,AKGGGSLDY,2.10E-05,3
IGHV6-1,IGHJ4,AKGGGSLDY,2.10E-05,3
IGHV6-1,IGHJ4,AKGGGSLDY,2.10E-05,3
IGHV6-1,IGHJ4,AKGGGSLVY,1.40E-05,2
IGHV4-38-2,IGHJ5,VRGWLG*FDP,1.40E-05,2
IGHV3-11,IGHJ3,ASHDGYCSSTSCRPS,1.40E-05,2
IGHV4-38-2,IGHJ5,ARGWLGWFDP,1.40E-05,2
IGHV4-38-2,IGHJ5,ARGWLGWFDP,1.40E-05,2
IGHV4-38-2,IGHJ5,ARGWLGWLDP,1.40E-05,2
IGHV4-38-2,IGHJ5,ARGWLGWFDP,1.40E-05,2
IGHV3-7,IGHJ4,ARESRIQLWLEVDPPFDY,1.40E-05,2
IGHV1-2,IGHJ5,,1.40E-05,2
IGHV3-7,IGHJ4,ARDAGRSGYDIFDY,1.40E-05,2
IGHV4-38-2,IGHJ5,ARGWLGWFDP,1.40E-05,2
IGHV1-18,IGHJ4,KKKTAYEISVSAFLLKMER*LEFRRVV,1.40E-05,2
IGHV3-7,IGHJ5,ARGGARIAHLQYNWFDP,1.40E-05,2
IGHV3-7,IGHJ5,ARGGARIAHLQYNWFDP,1.40E-05,2
IGHV3-9,IGHJ4,AKGKMATRFFDY,1.40E-05,2
IGHV3-11,IGHJ3,ASHDGYCSSTSCHPS,1.40E-05,2
IGHV3-11,IGHJ3,ARHDGYCSSTSCRPS,1.40E-05,2
IGHV3-11,IGHJ4,ARASGLGPGAYFDY,1.40E-05,2
IGHV3-23,IGHJ6,ARSFQGVAAAHGMDV,1.40E-05,2
IGHV3-21,IGHJ5,ARGHSSGCTTRA,1.40E-05,2
IGHV3-23,IGHJ3,AKGGPSVYYRLRDAFDI,1.40E-05,2
IGHV3-74,IGHJ5,MRYINYAA,1.40E-05,2
IGHV4-34,IGHJ4,ARVSLDPLLWFGESTHDY,1.40E-05,2
IGHV1-3,IGHJ3,ARESSGWYFGDAFDI,1.40E-05,2
IGHV3-74,IGHJ5,VRGAVGTGVWFDP,1.40E-05,2
IGHV3-23,IGHJ4,AKGRKWELPFDY,1.40E-05,2
IGHV3-9,IGHJ4,AKDINYYYDSSGNRVGFDY,1.40E-05,2
IGHV3-23,IGHJ4,ALSGGTDWYGLEC,1.40E-05,2
IGHV3-7,IGHJ4,VRLWEFDY,1.40E-05,2
IGHV1-69,IGHJ4,ARDRPGSEAAAILHY,1.40E-05,2
IGHV1-69,IGHJ4,ARDRPGSEAAAILHY,1.40E-05,2
IGHV1-69,IGHJ4,ARDRPGSEAAAILHY,1.40E-05,2
IGHV1-69,IGHJ4,ARDRPGSEAAAILHY,1.40E-05,2
IGHV1-69,IGHJ4,ARDRPGSEAAAILHY,1.40E-05,2
IGHV1-69,IGHJ5,ARDRPGSEAAAILHH,1.40E-05,2
IGHV1-69,IGHJ4,ARDRPGSEAAAILHY,1.40E-05,2
IGHV1-69,IGHJ4,ARDRPGSEAAAILHY,1.40E-05,2
IGHV1-69,IGHJ4,ARDRPGSEAAAILHY,1.40E-05,2
IGHV1-69,IGHJ4,ARDRPGSEAAAILHY,1.40E-05,2
IGHV1-69,IGHJ4,ARDRPGSEAAAILHY,1.40E-05,2
IGHV6-1,IGHJ4,AAYYDFWSGYRFDY,1.40E-05,2
IGHV1-46,IGHJ4,ATPEFYDSSGYYY,1.40E-05,2
IGHV3-53,IGHJ6,AIERDSLIRGVLGAMDV,1.40E-05,2
IGHV1-69,IGHJ4,ACRDGYSRLDY,1.40E-05,2
IGHV4-34,IGHJ6,ARRYCSGGSCYMRGYYGMDV,1.40E-05,2
IGHV1-69,IGHJ4,ARDRPGSEAAAILHY,1.40E-05,2
IGHV3-23,IGHJ3,AKGGPSGYDRLHDAFDI,1.40E-05,2
IGHV3-30,IGHJ4,AKDRYSSGLYFDY,1.40E-05,2
IGHV1-69,IGHJ4,ARDRPGSEAAAILHY,1.40E-05,2
IGHV4-38-2,IGHJ5,ARGWLGWFDP,1.40E-05,2
IGHV4-30-2,IGHJ5,GRVLRYFDWFREINLFDP,1.40E-05,2
IGHV4-34,IGHJ5,ASHYSSGVR,1.40E-05,2
IGHV4-34,IGHJ5,ASHYSSGVR,1.40E-05,2
IGHV4-34,IGHJ5,ASHYSSGVR,1.40E-05,2
IGHV4-34,IGHJ5,ASHYSSGVR,1.40E-05,2
IGHV4-34,IGHJ5,ASHYSSGVR,1.40E-05,2
IGHV4-34,IGHJ5,ASHYSSGVR,1.40E-05,2
IGHV4-34,IGHJ5,ASHYTSGVP,1.40E-05,2
IGHV1-69,IGHJ4,ARDRPGSEAAAILHY,1.40E-05,2
IGHV1-18,IGHJ4,ARNTKTYYYDTRGELTDY,1.40E-05,2
IGHV3-23,IGHJ1,VLSPLHDFHY,1.40E-05,2
IGHV4-34,IGHJ6,ARFRSGYCYYGMDV,1.40E-05,2
IGHV1-18,IGHJ4,ARNTKTYYYDTRGELTDY,1.40E-05,2
IGHV3-30,IGHJ4,AKDRAGSWAIDY,1.40E-05,2
IGHV1-69,IGHJ4,ARGTYCSSTSCYAVPFDY,1.40E-05,2
IGHV4-59,IGHJ4,ARWLGYCSGGSCPNFDY,1.40E-05,2
IGHV3-30,IGHJ4,AKDAVRGVMRYYFDY,1.40E-05,2
IGHV3-33,IGHJ4,AREIFGSGSYPDF,1.40E-05,2
IGHV3-11,IGHJ4,ATSSGWYTYYFDY,1.40E-05,2
IGHV1-46,IGHJ4,ARGEGSSGWLVDY,1.40E-05,2
IGHV3-23,IGHJ4,AKVAGYCSSTSCAKYRYYFDY,1.40E-05,2
IGHV3-30,IGHJ5,,1.40E-05,2
IGHV3-30,IGHJ4,G**DRITWGGY,1.40E-05,2
IGHV4-34,IGHJ3,ARSRVRARTNDAFDI,1.40E-05,2
IGHV4-34,IGHJ3,ARSRVRARTNDAFDI,1.40E-05,2
IGHV3-30,IGHJ4,AKDRAIWFGELSYYFDY,1.40E-05,2
IGHV3-30,IGHJ5,AKDRGYYDRITWGDH,1.40E-05,2
IGHV1-18,IGHJ6,ARGRYCSSTSCYTDQYYYYGMDV,1.40E-05,2
IGHV3-7,IGHJ4,ARDGRRSGYYLDFDY,1.40E-05,2
IGHV3-11,IGHJ4,ATSSGWYTHYFDY,1.40E-05,2
IGHV3-11,IGHJ4,ATSSGWYTYYFDY,1.40E-05,2
IGHV3-11,IGHJ4,ATSSGWYTYYFDY,1.40E-05,2
IGHV3-11,IGHJ4,ATSSGWYTYYFDY,1.40E-05,2
IGHV3-11,IGHJ4,ATSSGWYTYYFDY,1.40E-05,2
IGHV3-11,IGHJ4,ATSSGWYTYYFDY,1.40E-05,2
IGHV1-69,IGHJ4,ASRDGYSGLDY,1.40E-05,2
IGHV3-11,IGHJ4,ATSSGWYTYYFDY,1.40E-05,2
IGHV3-21,IGHJ5,ARGHSSGWYDPGH,1.40E-05,2
IGHV4-30-4,IGHJ4,ARVIGGVRSFDY,1.40E-05,2
IGHV4-31,IGHJ4,ARLGGYDYRVDY,1.40E-05,2
IGHV3-21,IGHJ5,ARGHSNG*YDPGH,1.40E-05,2
IGHV4-39,IGHJ4,ARHSSMTTVTFDY,1.40E-05,2
IGHV3-11,IGHJ4,ATSSGWYAYYFDY,1.40E-05,2
IGHV1-69,IGHJ4,ASRDGYSGLDY,1.40E-05,2
IGHV1-69,IGHJ4,ASRDGYSGLDY,1.40E-05,2
IGHV1-69,IGHJ4,ASRDGYSGLDY,1.40E-05,2
IGHV1-69,IGHJ4,ASRDGYSGLDY,1.40E-05,2
IGHV1-69,IGHJ4,ASRDGYSGLDY,1.40E-05,2
IGHV3-21,IGHJ5,ARGHSSGWYDPGH,1.40E-05,2
IGHV1-69,IGHJ4,ASRDGYSGLDY,1.40E-05,2
IGHV3-23,IGHJ3,,1.40E-05,2
IGHV3-23,IGHJ3,AKGGPSGYDRHRDAFDI,1.40E-05,2
IGHV3-23,IGHJ3,AKGGPSGYDRLRDAFDI,1.40E-05,2
IGHV3-23,IGHJ3,AKGGPSGYDRLRDAFDI,1.40E-05,2
IGHV3-23,IGHJ3,AKGGPSGYDRLRDAFDI,1.40E-05,2
IGHV3-11,IGHJ4,VYKLL*L,1.40E-05,2
IGHV3-21,IGHJ5,ARGHSSGWYGTGH,1.40E-05,2
IGHV4-59,IGHJ4,ATSYSSGWYPGNFDY,1.40E-05,2
IGHV4-59,IGHJ4,ATSYSSGWYPGNFDY,1.40E-05,2
IGHV1-24,IGHJ4,ATNVAAWTVGVGELGEPQYFDY,1.40E-05,2
IGHV1-24,IGHJ4,ATNVAAWTVGVGELGDPQYFDY,1.40E-05,2
IGHV1-24,IGHJ4,ATNVAAWTVGVGELGDPQYFDY,1.40E-05,2
IGHV1-24,IGHJ4,ATNVAAWTVGVGELGDPQYFDY,1.40E-05,2
IGHV1-24,IGHJ4,ATNVAAWTVGVGELGDPQYFDY,1.40E-05,2
IGHV1-24,IGHJ4,ATNVAAWTVGVGELGDPQYFDY,1.40E-05,2
IGHV3-11,IGHJ4,ATSSGWYTYYFDY,1.40E-05,2
IGHV1-69,IGHJ4,ASRDGYSGLDY,1.40E-05,2
IGHV3-30,IGHJ6,AKDLVAAAGNYYYYGMDV,1.40E-05,2
IGHV1-46,IGHJ1,AISLQWPGTEYFQH,1.40E-05,2
IGHV3-21,IGHJ5,ARGHSSGWYDPGH,1.40E-05,2
IGHV3-74,IGHJ4,ARVFAVAPPGY,1.40E-05,2
IGHV1-69,IGHJ5,ASGWYSSGWYRGYNWFDP,1.40E-05,2
IGHV3-11,IGHJ4,ATSSGWYTYYFDY,1.40E-05,2
IGHV4-39,IGHJ5,ARRSSLLDWFDP,1.40E-05,2
IGHV1-18,IGHJ6,ARESCSTSCYGMDV,1.40E-05,2
IGHV3-23,IGHJ3,AKGGPSGYDRLRDAFDI,1.40E-05,2
IGHV3-30,IGHJ4,AKDRAGSWAIDY,1.40E-05,2
IGHV3-7,IGHJ4,AREGTLLPDY,1.40E-05,2
IGHV3-15,IGHJ4,TTADGTYTFWRADYFDY,1.40E-05,2
IGHV1-69,IGHJ4,ARDLSWVAGILDY,1.40E-05,2
IGHV3-30,IGHJ4,AKDRAGSWAIDY,1.40E-05,2
IGHV3-30,IGHJ4,AKDRAGSWAIDY,1.40E-05,2
IGHV3-30,IGHJ4,AKDRAGSWAIDY,1.40E-05,2
IGHV3-30,IGHJ4,AKDRAGSWAIDY,1.40E-05,2
IGHV3-30,IGHJ4,AKDRAGSWAIDY,1.40E-05,2
IGHV3-48,IGHJ4,AKDRAGSWASYY,1.40E-05,2
IGHV3-33,IGHJ4,TRDIKSVYFDF,1.40E-05,2
IGHV5-51,IGHJ4,ARRGEGPIGGIGY,1.40E-05,2
IGHV3-74,IGHJ6,ERTAPYYYGMDV,1.40E-05,2
IGHV3-74,IGHJ6,EMTAPYYYGMDV,1.40E-05,2
IGHV3-23,IGHJ6,AKGGYGDYDDYYYGMDV,1.40E-05,2
IGHV1-69,IGHJ4,ASRDDFAGLDI,1.40E-05,2
IGHV4-34,IGHJ6,ARRYCSGGSCYMRGYYGMDV,1.40E-05,2
IGHV3-7,IGHJ4,ARESRIQLWLEVDPPFDY,1.40E-05,2
IGHV3-7,IGHJ4,ARESRIQLWLEVDPPFDY,1.40E-05,2
IGHV3-7,IGHJ4,ARESRIQLWLEVDPPFDY,1.40E-05,2
IGHV3-7,IGHJ4,ARESRIQLWLEVGPPFDY,1.40E-05,2
IGHV3-9,IGHJ4,AKDISSSTSWDATDY,1.40E-05,2
IGHV4-34,IGHJ4,ATTFYDILTGYPQVWDFDY,1.40E-05,2
IGHV4-34,IGHJ6,ARFRSGYYYYGMDV,1.40E-05,2
IGHV4-34,IGHJ6,ARFRSGYYYYGMDV,1.40E-05,2
IGHV4-34,IGHJ6,ARFRSGYYYYGMDV,1.40E-05,2
IGHV4-34,IGHJ6,ARFRSGYYYYGMDV,1.40E-05,2
IGHV4-34,IGHJ6,ARFRSGYYYYGMDV,1.40E-05,2
IGHV3-74,IGHJ6,EMTAPYYYGMDV,1.40E-05,2
IGHV1-69,IGHJ4,ARVGYYDSSGFEFDY,1.40E-05,2
IGHV1-69,IGHJ4,ARGTYCSSTSCYAVPFDY,1.40E-05,2
IGHV3-11,IGHJ3,ASHDGYCSSTSCRPS,1.40E-05,2
IGHV3-23,IGHJ4,VQWGDYDVLTGYYVPDY,1.40E-05,2
IGHV4-38-2,IGHJ4,ARIAVAARLDY,1.40E-05,2
IGHV1-69,IGHJ4,ARGTYCSSTSCYAVPFDY,1.40E-05,2
IGHV1-69,IGHJ4,ARGTYCSSTSCYAVPFDY,1.40E-05,2
IGHV1-69,IGHJ4,VPFDY,1.40E-05,2
IGHV3-64D,IGHJ4,VKDHCGERYCSGCSCYSYYFDY,1.40E-05,2
IGHV3-21,IGHJ4,ARDERIAVAGMALSGPGYFDY,1.40E-05,2
IGHV3-64D,IGHJ4,VKDHGGEGYCSGGSCYSYYFDY,1.40E-05,2
IGHV3-7,IGHJ5,ARDLRSLGR,1.40E-05,2
IGHV1-3,IGHJ6,ARERLRYFDCLPQYGMDV,1.40E-05,2
IGHV1-69,IGHJ5,ARGIQGFDP,1.40E-05,2
IGHV4-31,IGHJ4,AKGIAVAGPLRSYYFDY,1.40E-05,2
IGHV5-51,IGHJ4,TRRGEGPIGGIGY,1.40E-05,2
IGHV3-11,IGHJ4,ATSSGWYTYYFDY,1.40E-05,2
IGHV3-23,IGHJ5,AKDRTLDWFDP,1.40E-05,2
IGHV3-23,IGHJ4,DY,1.40E-05,2
IGHV3-53,IGHJ4,ARVDILTGYSTDY,1.40E-05,2
IGHV2-5,IGHJ4,AHRLAGYSNSWLGGYFNF,1.40E-05,2
IGHV5-51,IGHJ4,ARRGEGPIGGIGY,1.40E-05,2
IGHV5-51,IGHJ4,ARRGEGPIGGNWL,1.40E-05,2
IGHV5-51,IGHJ4,ARRGEGPIGGIGY,1.40E-05,2
IGHV3-74,IGHJ4,ASMGYGDVGY,1.40E-05,2
IGHV5-51,IGHJ4,ARRGEGPIGGIGY,1.40E-05,2
IGHV3-21,IGHJ4,ARGRGYSGYEPFDY,1.40E-05,2
IGHV1-18,IGHJ4,ARHPYYDILTRRYYFDY,1.40E-05,2
IGHV3-21,IGHJ3,ARVHCTGGGGCSIRMGASHI,1.40E-05,2
IGHV4-34,IGHJ6,ARFRSGYYYYGMDV,1.40E-05,2
IGHV1-69,IGHJ5,ARDPPNYYGSGSYHNWFDP,1.40E-05,2
IGHV3-15,IGHJ3,TTEASGI,1.40E-05,2
IGHV1-69,IGHJ4,ARGTYCSSTSCYAVPFDY,1.40E-05,2
IGHV3-15,IGHJ4,TTGPYDYGSGTYYH,1.40E-05,2
IGHV4-34,IGHJ6,ARQRITMVRGGNRHMDV,1.40E-05,2
IGHV1-69,IGHJ4,ARVGTEVDYFDY,1.40E-05,2
IGHV4-4,IGHJ5,ARVGFGDLSWFDP,1.40E-05,2
IGHV3-74,IGHJ6,GMDV,1.40E-05,2
IGHV4-34,IGHJ4,ARIFPHYGSGSYYQDY,1.40E-05,2
IGHV3-21,IGHJ5,TTDRPYSGYDF,1.40E-05,2
IGHV4-34,IGHJ4,ARGLVEAAGPQRYFDY,1.40E-05,2
IGHV4-34,IGHJ6,ARGMGGGSCYSRACGGMDV,1.40E-05,2
IGHV5-10-1,IGHJ4,ARSNLPYYDILTGYYPPPYYFDY,1.40E-05,2
IGHV4-34,IGHJ4,ARVLKSRVATIHLDY,1.40E-05,2
IGHV1-8,IGHJ4,ARGFYDFWSGYPKYYFDY,1.40E-05,2
IGHV3-15,IGHJ4,TTDADYYDSSGYGFDY,1.40E-05,2
IGHV1-69,IGHJ1,ARVPYSSSWYFFQH,1.40E-05,2
IGHV4-28,IGHJ6,RRHTRYRSRHSC*RWNCDWSSDVCSSDLGPQ*RSPAKW,1.40E-05,2
IGHV3-30,IGHJ4,AKDRSSTWSFDF,1.40E-05,2
IGHV3-11,IGHJ4,AREPPRGGYSYGYYY,1.40E-05,2
IGHV3-74,IGHJ5,ARVLHG,1.40E-05,2
IGHV4-59,IGHJ5,ARDAVTIGFDP,1.40E-05,2
IGHV4-38-2,IGHJ6,ARVMITFGGVIVTYYYYGMDV,1.40E-05,2
IGHV6-1,IGHJ5,ARGEYYGSGRFYNWFDP,1.40E-05,2
IGHV3-23,IGHJ4,ARESPAFDY,1.40E-05,2
IGHV4-34,IGHJ5,ARAHVLRYFDGLSPEGHWFDP,1.40E-05,2
IGHV4-34,IGHJ2,ARGLPGARYFDL,1.40E-05,2
IGHV4-34,IGHJ2,ARGLPGARYFDL,7.02E-06,1
IGHV3-21,IGHJ4,ARLPRLNGYLY,7.02E-06,1
IGHV3-21,IGHJ4,ARLARLTGYLY,7.02E-06,1
IGHV3-21,IGHJ4,ARLARLTGYL,7.02E-06,1
IGHV3-21,IGHJ5,,7.02E-06,1
IGHV4-39,IGHJ4,ARHGGYSGYDYFDY,7.02E-06,1
IGHV5-51,IGHJ6,ARHVLGYCSGGSCYSWKSYGMDV,7.02E-06,1
IGHV1-69,IGHJ4,AREVEDFWSGSTGPFRY,7.02E-06,1
IGHV1-69,IGHJ4,AREVEDFWSGSTGPFRY,7.02E-06,1
IGHV1-69,IGHJ4,AREVEDFGSGSTGPFRY,7.02E-06,1
IGHV1-69,IGHJ4,AREVEDFWSGSTGPFRY,7.02E-06,1
IGHV1-69,IGHJ4,AREVEDFWSGSTGPFRY,7.02E-06,1
IGHV1-69,IGHJ4,AREVEDFWSGSTGPFRY,7.02E-06,1
IGHV1-69,IGHJ4,AREVEDFWIGSTGPFRY,7.02E-06,1
IGHV5-51,IGHJ4,Q,7.02E-06,1
IGHV5-51,IGHJ5,ARRVAAAGTNWFDP,7.02E-06,1
IGHV3-53,IGHJ4,ARDLPWIQLAY,7.02E-06,1
IGHV3-23,IGHJ5,ARDAGSASGRYNWFDP,7.02E-06,1
IGHV4-59,IGHJ4,ATGYSYDNYFDY,7.02E-06,1
IGHV1-8,IGHJ4,ARGSSIAVAGDY,7.02E-06,1
IGHV1-69,IGHJ6,ARDPHIVVVTADYYGMDV,7.02E-06,1
IGHV3-11,IGHJ5,ARQRGSGWYDY,7.02E-06,1
IGHV1-69,IGHJ4,AREVEDFWSGSTGPFRY,7.02E-06,1
IGHV1-69,IGHJ4,AREVEDFWCGSTGPFRY,7.02E-06,1
IGHV3-21,IGHJ3,AREGDYYGSGSYFNHDAFDI,7.02E-06,1
IGHV4-34,IGHJ3,ARPLVRGLRGDAFDI,7.02E-06,1
IGHV1-24,IGHJ4,ATDQLYYDYVWGSYRRGYSDY,7.02E-06,1
IGHV3-30-3,IGHJ4,ASPLRGY,7.02E-06,1
IGHV4-34,IGHJ3,ARPLVRGLRGDAFDI,7.02E-06,1
IGHV4-34,IGHJ3,ARPLVRGLRGDAFDI,7.02E-06,1
IGHV4-34,IGHJ3,ARPLVRGLRGDAFDI,7.02E-06,1
IGHV4-34,IGHJ3,ARPLVRGLRGDAFDI,7.02E-06,1
IGHV4-34,IGHJ3,ARPLVRGLRGDAFDI,7.02E-06,1
IGHV4-34,IGHJ3,ARPLVRGLRGDAFDI,7.02E-06,1
IGHV5-10-1,IGHJ5,ARLDEKEVHLRSWGANWFDP,7.02E-06,1
IGHV3-21,IGHJ4,ARLARLTGYLY,7.02E-06,1
IGHV4-34,IGHJ3,AGPEVTAPLDAFDI,7.02E-06,1
IGHV4-34,IGHJ3,ARPLVRGLRGDAFDI,7.02E-06,1
IGHV3-7,IGHJ4,ARVRSGSYVLGFDY,7.02E-06,1
IGHV4-34,IGHJ3,AGPEVTAPLDAFDI,7.02E-06,1
IGHV4-34,IGHJ3,AGPEVTAPLDAFDI,7.02E-06,1
IGHV4-34,IGHJ3,AGPEVTAPLDAFDI,7.02E-06,1
IGHV4-34,IGHJ3,AGPEVTAPLDAFDI,7.02E-06,1
IGHV4-34,IGHJ3,AGPEVTAPLDAFDI,7.02E-06,1
IGHV3-7,IGHJ5,ARWARYCSSGSCYSWFDT,7.02E-06,1
IGHV3-11,IGHJ3,ARRRAPGAFDI,7.02E-06,1
IGHV1-3,IGHJ4,VRDDCGDTCYPGEY,7.02E-06,1
IGHV1-8,IGHJ4,ARGRRYQLLRSFDY,7.02E-06,1
IGHV3-7,IGHJ4,ARGRSGSYVLGFDY,7.02E-06,1
IGHV5-51,IGHJ5,ARRVAAAGTNWFDP,7.02E-06,1
IGHV5-51,IGHJ5,ARRVAAAGTNWFDP,7.02E-06,1
IGHV5-51,IGHJ5,ARRVAAAGTNWFDP,7.02E-06,1
IGHV5-51,IGHJ5,ARRVAAAGTNWFDP,7.02E-06,1
IGHV5-51,IGHJ5,ARRVAAAGTNWFDP,7.02E-06,1
IGHV3-23,IGHJ4,VQWGDYDVLTGYYVPDY,7.02E-06,1
IGHV4-38-2,IGHJ4,ARIAVAARLDY,7.02E-06,1
IGHV5-51,IGHJ5,ARRVAAAGTNWFDP,7.02E-06,1
IGHV5-51,IGHJ5,ARRVAAAGTNWFDP,7.02E-06,1
IGHV3-21,IGHJ5,AIEPRSSSWYHRANWFDP,7.02E-06,1
IGHV3-21,IGHJ5,AIEPRSSSWYHRANWFDP,7.02E-06,1
IGHV3-21,IGHJ5,AIEPRSSSWYHRANWFDP,7.02E-06,1
IGHV3-21,IGHJ5,AIEPRSSSWYHRANWFDP,7.02E-06,1
IGHV3-7,IGHJ4,ARGRSGSYVLGFDY,7.02E-06,1
IGHV3-21,IGHJ5,AIEPRSSSWYHRANWFDP,7.02E-06,1
IGHV3-7,IGHJ4,ARGRSGSYVLGFDY,7.02E-06,1
IGHV5-51,IGHJ4,ARRFGGSGSYTFDY,7.02E-06,1
IGHV3-7,IGHJ4,ARGRSGSYVLGFDY,7.02E-06,1
IGHV3-7,IGHJ4,ARGRSGSYVLGFDY,7.02E-06,1
IGHV3-7,IGHJ4,ARGRSGSYVLGFDY,7.02E-06,1
IGHV3-7,IGHJ4,ARGRSGSYVLGFDY,7.02E-06,1
IGHV3-7,IGHJ4,ARGRSGSYVLGFDY,7.02E-06,1
IGHV4-38-2,IGHJ5,ARGWLGWFDP,7.02E-06,1
IGHV1-69,IGHJ5,ARGGGTMVREPRNWFDP,7.02E-06,1
IGHV1-69,IGHJ5,ARGGGTMVREPRNWFDP,7.02E-06,1
IGHV3-7,IGHJ4,ARDAGRSGYDIFDY,7.02E-06,1
IGHV1-18,IGHJ4,ARDLGSIPAGIFWDF,7.02E-06,1
IGHV5-51,IGHJ4,ASQVYCSRTSCSDH,7.02E-06,1
IGHV3-74,IGHJ5,ATGGTYWSTWTGH,7.02E-06,1
IGHV3-74,IGHJ5,ATGGTYWSTWTGH,7.02E-06,1
IGHV3-74,IGHJ5,ATGGTYWSTWTGH,7.02E-06,1
IGHV3-74,IGHJ4,ATGGTYWRSWTGH,7.02E-06,1
IGHV3-7,IGHJ4,ARDGPRYGGDTAMVHFDY,7.02E-06,1
IGHV1-69,IGHJ4,GGGGVAGVNFDN,7.02E-06,1
IGHV3-30,IGHJ4,ARIGRQQLVPVY,7.02E-06,1
IGHV3-23,IGHJ4,ARAVDGY,7.02E-06,1
IGHV1-69,IGHJ4,GGAVAGFNFDY,7.02E-06,1
IGHV1-69,IGHJ4,ASFNLYY,7.02E-06,1
IGHV1-69,IGHJ4,GGGGGGGSGWFQL*L,7.02E-06,1
IGHV3-23,IGHJ4,ARAVDGY,7.02E-06,1
IGHV3-23,IGHJ4,ARAVDGY,7.02E-06,1
IGHV5-51,IGHJ6,ARPPGSPTTTTTVWT,7.02E-06,1
IGHV5-51,IGHJ5,ARQFIYDSRGYESWAFDP,7.02E-06,1
IGHV3-74,IGHJ4,AT*GNYWFTWTGH,7.02E-06,1
IGHV1-8,IGHJ4,ARGTGHSGWKFDY,7.02E-06,1
IGHV4-34,IGHJ5,ARAPYGRQLLRNAKWFDP,7.02E-06,1
IGHV1-8,IGHJ4,ARGTGHSGWKFDY,7.02E-06,1
IGHV1-8,IGHJ4,ARGTGHSGWKFDY,7.02E-06,1
IGHV1-8,IGHJ4,ARGTGHSGWKFDY,7.02E-06,1
IGHV3-11,IGHJ5,ARDSTSVGAFDP,7.02E-06,1
IGHV3-23,IGHJ4,AKDRVVVVAATTGDY,7.02E-06,1
IGHV3-53,IGHJ4,ARVDILTGYSTDY,7.02E-06,1
IGHV4-4,IGHJ3,ARALYYYGSGSYSPDAFDI,7.02E-06,1
IGHV1-18,IGHJ5,TRMPRGRANWFDP,7.02E-06,1
IGHV3-30,IGHJ4,AKDRGSWNDLSGYYFDY,7.02E-06,1
IGHV4-34,IGHJ5,ASHYSSGVR,7.02E-06,1
IGHV1-18,IGHJ6,ARGSGSYHYYYYYCMDV,7.02E-06,1
IGHV1-18,IGHJ5,GNT,7.02E-06,1
IGHV3-7,IGHJ4,ATSEGY,7.02E-06,1
IGHV3-11,IGHJ4,ARESSGDFRFQIDY,7.02E-06,1
IGHV3-7,IGHJ5,AREECGDHLW,7.02E-06,1
IGHV1-18,IGHJ4,ARRGVATTFDY,7.02E-06,1
IGHV3-23,IGHJ4,AKDHADSSD,7.02E-06,1
IGHV3-9,IGHJ4,AKDMYTNGAPAANFDY,7.02E-06,1
IGHV3-30,IGHJ4,ARDLGVGAYLLFDHISSGLDS,7.02E-06,1
IGHV5-51,IGHJ4,ASQVYCSRTSCSDH,7.02E-06,1
IGHV1-8,IGHJ4,ARGLQPPRNYDFWSGYPEIYYFDY,7.02E-06,1
IGHV3-23,IGHJ6,ARDIGRFLEWPHGMDV,7.02E-06,1
IGHV3-21,IGHJ5,ARGHSSGWYDPGH,7.02E-06,1
IGHV4-4,IGHJ4,ARESPAAGSTPGLDY,7.02E-06,1
IGHV3-23,IGHJ5,AKQRFLEW,7.02E-06,1
IGHV1-3,IGHJ4,ATMDRYCSSTSCYCPY,7.02E-06,1
IGHV1-18,IGHJ4,ARASAYDYVWGSYQNHFDY,7.02E-06,1
IGHV1-18,IGHJ4,ARASAYDYVWGSYQNHFDY,7.02E-06,1
IGHV1-69,IGHJ5,AITQYYYGSVVLRWFDP,7.02E-06,1
IGHV4-34,IGHJ4,ARGYCSSTSCSPGEGYFDY,7.02E-06,1
IGHV3-7,IGHJ4,,7.02E-06,1
IGHV3-33,IGHJ6,ARVGFGEADGHGMDV,7.02E-06,1
IGHV1-18,IGHJ5,AREVSLWFGELLQTYNWFDP,7.02E-06,1
IGHV3-30,IGHJ3,AKQRSFRGYNPGAAFDI,7.02E-06,1
IGHV4-4,IGHJ5,AAIYGDYVFDP,7.02E-06,1
IGHV4-34,IGHJ5,ARGGVVVVAPLRGTTWFGP,7.02E-06,1
IGHV4-61,IGHJ4,ARLIAVAGTDFDY,7.02E-06,1
IGHV3-23,IGHJ4,ARAVDGY,7.02E-06,1
IGHV3-30,IGHJ6,AKDLVAAAGNYYYYGMDV,7.02E-06,1
IGHV4-34,IGHJ4,ARGYCSSTSCSPGEGYFDY,7.02E-06,1
IGHV4-34,IGHJ4,ARGYCSSTSCSPGEGYFDY,7.02E-06,1
IGHV1-18,IGHJ4,ARDQGFGYYDYVWGSYRLYYFDY,7.02E-06,1
IGHV3-23,IGHJ4,AKWGDYDILTGYYVSDF,7.02E-06,1
IGHV3-30,IGHJ4,AKRRAGPGSFEPPHY,7.02E-06,1
IGHV3-33,IGHJ5,ARGFPNPRIAVAGMGLDWFDP,7.02E-06,1
IGHV3-7,IGHJ3,AKDGLSGGAFDI,7.02E-06,1
IGHV4-34,IGHJ4,ARVPRKAYYYDSSGTPVGFDY,7.02E-06,1
IGHV3-33,IGHJ6,ASGITMVRGVPYITTTTTVWT,7.02E-06,1
IGHV3-7,IGHJ4,AREGCSGGSCYSVPPNY,7.02E-06,1
IGHV4-61,IGHJ4,ARDVYDSSGYYLDY,7.02E-06,1
IGHV1-2,IGHJ5,ARVALSSDYSNPLGTPPFDP,7.02E-06,1
IGHV3-21,IGHJ5,AIEPRSSSWYHRANWFDP,7.02E-06,1
IGHV3-7,IGHJ4,AGGRSGSYVLGFDY,7.02E-06,1
IGHV2-5,IGHJ4,AHRLVGNSNGWLGGYFNY,7.02E-06,1
IGHV4-34,IGHJ5,ARAPYGRQLLRKAKWFDP,7.02E-06,1
IGHV4-34,IGHJ5,ARAPYGRQLLRKAKWFDP,7.02E-06,1
IGHV4-34,IGHJ5,ARAPYGRQLLRKAKWFDP,7.02E-06,1
IGHV3-21,IGHJ4,ARLGSTSSYPPTTERDY,7.02E-06,1
IGHV3-21,IGHJ4,ARLGSTSSYPPTTERDY,7.02E-06,1
IGHV3-21,IGHJ4,ARLGSTSSYPPTTERDY,7.02E-06,1
IGHV3-11,IGHJ5,ARDRYDILTGYQGSN*FDP,7.02E-06,1
IGHV5-51,IGHJ4,ASQVYCRRTSCSDH,7.02E-06,1
IGHV4-34,IGHJ5,ASHYSSGVR,7.02E-06,1
IGHV4-31,IGHJ6,ARDRPGVGATTVVDYYYGMDV,7.02E-06,1
IGHV1-46,IGHJ4,ARDYYDSSGHAFDY,7.02E-06,1
IGHV3-33,IGHJ4,ARDASYYDILTGYPGY,7.02E-06,1
IGHV4-61,IGHJ5,ARSYYVWGSYRNNWFDP,7.02E-06,1
IGHV3-23,IGHJ3,ARELWANDAFDI,7.02E-06,1
IGHV4-30-2,IGHJ2,ARDTAMVNWYFDL,7.02E-06,1
IGHV3-30-3,IGHJ1,ARGLGDYSNLHFQH,7.02E-06,1
IGHV1-3,IGHJ4,ARDRSSGWYELDY,7.02E-06,1
IGHV5-51,IGHJ4,ASQVYCSRTSCSDH,7.02E-06,1
IGHV5-51,IGHJ4,ASQVYCSRTSCSDH,7.02E-06,1
IGHV4-34,IGHJ6,ARRPWDDYVWGSYRYSGYYGMDV,7.02E-06,1
IGHV5-51,IGHJ4,ASQVYCSRTSCSDH,7.02E-06,1
IGHV5-51,IGHJ4,ASQVYCSRTSCSDH,7.02E-06,1
IGHV5-51,IGHJ4,ASQVYCSRTSCSDH,7.02E-06,1
IGHV5-51,IGHJ4,ASQVYCSRTSCSDH,7.02E-06,1
IGHV1-2,IGHJ4,ARLAVADSDY,7.02E-06,1
IGHV5-51,IGHJ4,ASQVYCSRTSCSDH,7.02E-06,1
IGHV3-11,IGHJ6,ARDRELWFGGLWNYYYGMDV,7.02E-06,1
IGHV5-51,IGHJ4,ASQVYCSRTSCSDH,7.02E-06,1
IGHV4-34,IGHJ5,ARAPYGRQLLRKAKWFDP,7.02E-06,1
IGHV3-15,IGHJ4,TTERTGIADY,7.02E-06,1
IGHV3-15,IGHJ4,TTERTGIADY,7.02E-06,1
IGHV3-15,IGHJ4,TTERTGIADY,7.02E-06,1
IGHV3-15,IGHJ4,TTERTGIADY,7.02E-06,1
IGHV3-15,IGHJ4,TTERTGIADY,7.02E-06,1
IGHV3-9,IGHJ6,AKAPIPELYGIDV,7.02E-06,1
IGHV1-2,IGHJ4,ARLAVADSDY,7.02E-06,1
IGHV5-10-1,IGHJ5,ARHGPYYDILTGSTNWFDP,7.02E-06,1
IGHV3-15,IGHJ4,TTERTGIADY,7.02E-06,1
IGHV1-2,IGHJ4,ARLAVADSDY,7.02E-06,1
IGHV1-2,IGHJ4,ARLAVGDSDY,7.02E-06,1
IGHV1-2,IGHJ4,ARLAVADSDY,7.02E-06,1
IGHV3-33,IGHJ4,ARDGSIAVVRYFDY,7.02E-06,1
IGHV1-2,IGHJ4,ARLAVADFDY,7.02E-06,1
IGHV4-59,IGHJ4,ARDRSGAHQRYFDY,7.02E-06,1
IGHV4-4,IGHJ5,ATIYGDYVFDP,7.02E-06,1
IGHV3-15,IGHJ4,TTERTGIADY,7.02E-06,1
IGHV1-69,IGHJ4,ASGWFQL*L,7.02E-06,1
IGHV6-1,IGHJ4,GRGCTSEF*L,7.02E-06,1
IGHV1-18,IGHJ5,ARDYFNWFDP,7.02E-06,1
IGHV1-2,IGHJ4,DY,7.02E-06,1
IGHV1-69,IGHJ5,ATGYSSSWYDY,7.02E-06,1
IGHV3-9,IGHJ4,AKDMGYSSGWPTPNIDY,7.02E-06,1
IGHV3-15,IGHJ4,TTERTGIADY,7.02E-06,1
IGHV1-46,IGHJ4,,7.02E-06,1
IGHV4-61,IGHJ6,ARAPAIVVVPAANYYYYGMDV,7.02E-06,1
IGHV3-33,IGHJ6,ARGYCSGGSCYSNYYYGMDV,7.02E-06,1
IGHV1-2,IGHJ4,ARDAHYYDSSGHFDY,7.02E-06,1
IGHV5-51,IGHJ4,ASQVYCSRTSCSDH,7.02E-06,1
IGHV5-51,IGHJ5,ARRVAAAGTNWFDP,7.02E-06,1
IGHV6-1,IGHJ4,AGGTGVFDY,7.02E-06,1
IGHV4-59,IGHJ4,ARGEDYSNRFDY,7.02E-06,1
IGHV4-59,IGHJ4,ARGEDYSNRFDY,7.02E-06,1
IGHV4-59,IGHJ4,ARGEAYSNRFDY,7.02E-06,1
IGHV4-59,IGHJ4,ARGEDYSNRCDY,7.02E-06,1
IGHV1-24,IGHJ6,ATESLSRSYQLLYPL*YFYDMDV,7.02E-06,1
IGHV3-30,IGHJ4,AKADSYGSGSYYLLDY,7.02E-06,1
IGHV5-10-1,IGHJ5,ARPLVVRGVIENWFDP,7.02E-06,1
IGHV3-74,IGHJ4,ARVFAVAPPGY,7.02E-06,1
IGHV1-2,IGHJ4,ASLSDPEDDYGGQIDH,7.02E-06,1
IGHV4-59,IGHJ4,ARGEDYSNRFDY,7.02E-06,1
IGHV3-23,IGHJ4,AKGDCSSTSCSLGY,7.02E-06,1
IGHV1-18,IGHJ6,AREREFGDYYYGIDV,7.02E-06,1
IGHV1-3,IGHJ5,ASQILNWFDP,7.02E-06,1
IGHV1-18,IGHJ4,ARGVSHYDILTDLDY,7.02E-06,1
IGHV3-15,IGHJ4,AKHLFDY,7.02E-06,1